ano,sigla_uf,produto,area_colhida_ha,producao_total,produtividade_media,valor_total_producao
2024,AC,Caju,,,,
2024,AC,Castanha de caju,,,,
2024,AL,Caju,,,,
2024,AL,Castanha de caju,628,921.0,1444.5625000000002,5193.0
2024,AM,Caju,,,,
2024,AM,Castanha de caju,,,,
2024,AP,Caju,,,,
2024,AP,Castanha de caju,,,,
2024,BA,Caju,,,,
2024,BA,Castanha de caju,15815,3296.0,356.33333333333337,11929.0
2024,CE,Caju,,,,
2024,CE,Castanha de caju,282602,101931.0,316.5214723926382,472053.0
2024,DF,Caju,,,,
2024,DF,Castanha de caju,,,,
2024,ES,Caju,,,,
2024,ES,Castanha de caju,,,,
2024,GO,Caju,,,,
2024,GO,Castanha de caju,,,,
2024,MA,Caju,,,,
2024,MA,Castanha de caju,8146,2893.0,369.99999999999994,8797.0
2024,MG,Caju,,,,
2024,MG,Castanha de caju,,,,
2024,MS,Caju,,,,
2024,MS,Castanha de caju,,,,
2024,MT,Caju,,,,
2024,MT,Castanha de caju,150,88.0,587.0,220.0
2024,PA,Caju,,,,
2024,PA,Castanha de caju,850,601.0,769.30000000000007,1533.0
2024,PB,Caju,,,,
2024,PB,Castanha de caju,2085,488.0,246.88785046728978,1876.0
2024,PE,Caju,,,,
2024,PE,Castanha de caju,2280,3126.0,640.263157894737,9921.0
2024,PI,Caju,,,,
2024,PI,Castanha de caju,75547,25318.0,315.04469273743018,82189.0
2024,PR,Caju,,,,
2024,PR,Castanha de caju,,,,
2024,RJ,Caju,,,,
2024,RJ,Castanha de caju,,,,
2024,RN,Caju,,,,
2024,RN,Castanha de caju,62128,20546.0,401.81739130434784,95664.0
2024,RO,Caju,,,,
2024,RO,Castanha de caju,,,,
2024,RR,Caju,,,,
2024,RR,Castanha de caju,,,,
2024,RS,Caju,,,,
2024,RS,Castanha de caju,,,,
2024,SC,Caju,,,,
2024,SC,Castanha de caju,,,,
2024,SE,Caju,,,,
2024,SE,Castanha de caju,,,,
2024,SP,Caju,,,,
2024,SP,Castanha de caju,,,,
2024,TO,Caju,,,,
2024,TO,Castanha de caju,6,4.0,750.0,6.0
2023,AC,Caju,,,,
2023,AC,Castanha de caju,,,,
2023,AL,Caju,,,,
2023,AL,Castanha de caju,702,824.0,1150.8541666666665,3588.0
2023,AM,Caju,,,,
2023,AM,Castanha de caju,,,,
2023,AP,Caju,,,,
2023,AP,Castanha de caju,,,,
2023,BA,Caju,,,,
2023,BA,Castanha de caju,15779,3389.0,348.05882352941171,13286.0
2023,CE,Caju,,,,
2023,CE,Castanha de caju,279284,63258.0,232.36075949367086,222301.0
2023,DF,Caju,,,,
2023,DF,Castanha de caju,,,,
2023,ES,Caju,,,,
2023,ES,Castanha de caju,,,,
2023,GO,Caju,,,,
2023,GO,Castanha de caju,,,,
2023,MA,Caju,,,,
2023,MA,Castanha de caju,8786,3173.0,375.45360824742272,8896.0
2023,MG,Caju,,,,
2023,MG,Castanha de caju,,,,
2023,MS,Caju,,,,
2023,MS,Castanha de caju,,,,
2023,MT,Caju,,,,
2023,MT,Castanha de caju,150,88.0,587.0,176.0
2023,PA,Caju,,,,
2023,PA,Castanha de caju,1056,718.0,786.5454545454545,1984.0
2023,PB,Caju,,,,
2023,PB,Castanha de caju,2466,591.0,238.08490566037742,2216.0
2023,PE,Caju,,,,
2023,PE,Castanha de caju,2165,2821.0,754.8421052631578,17289.0
2023,PI,Caju,,,,
2023,PI,Castanha de caju,73188,20992.0,286.56571428571408,52139.0
2023,PR,Caju,,,,
2023,PR,Castanha de caju,,,,
2023,RJ,Caju,,,,
2023,RJ,Castanha de caju,,,,
2023,RN,Caju,,,,
2023,RN,Castanha de caju,58309,32072.0,516.42968750000023,131329.0
2023,RO,Caju,,,,
2023,RO,Castanha de caju,,,,
2023,RR,Caju,,,,
2023,RR,Castanha de caju,,,,
2023,RS,Caju,,,,
2023,RS,Castanha de caju,,,,
2023,SC,Caju,,,,
2023,SC,Castanha de caju,,,,
2023,SE,Caju,,,,
2023,SE,Castanha de caju,,,,
2023,SP,Caju,,,,
2023,SP,Castanha de caju,,,,
2023,TO,Caju,,,,
2023,TO,Castanha de caju,7,5.0,800.0,8.0
2022,AC,Caju,,,,
2022,AC,Castanha de caju,,,,
2022,AL,Caju,,,,
2022,AL,Castanha de caju,504,465.0,879.17777777777781,2003.0
2022,AM,Caju,,,,
2022,AM,Castanha de caju,,,,
2022,AP,Caju,,,,
2022,AP,Castanha de caju,,,,
2022,BA,Caju,,,,
2022,BA,Castanha de caju,15522,3251.0,323.54901960784309,14287.0
2022,CE,Caju,,,,
2022,CE,Castanha de caju,272286,95714.0,313.05031446540892,389374.0
2022,DF,Caju,,,,
2022,DF,Castanha de caju,,,,
2022,ES,Caju,,,,
2022,ES,Castanha de caju,,,,
2022,GO,Caju,,,,
2022,GO,Castanha de caju,,,,
2022,MA,Caju,,,,
2022,MA,Castanha de caju,9034,3514.0,375.74747474747488,9904.0
2022,MG,Caju,,,,
2022,MG,Castanha de caju,,,,
2022,MS,Caju,,,,
2022,MS,Castanha de caju,,,,
2022,MT,Caju,,,,
2022,MT,Castanha de caju,150,89.0,593.0,178.0
2022,PA,Caju,,,,
2022,PA,Castanha de caju,1072,754.0,792.66666666666663,2158.0
2022,PB,Caju,,,,
2022,PB,Castanha de caju,2666,644.0,241.40952380952376,2381.0
2022,PE,Caju,,,,
2022,PE,Castanha de caju,2167,2806.0,626.0526315789474,17238.0
2022,PI,Caju,,,,
2022,PI,Castanha de caju,73047,21674.0,298.33142857142872,83621.0
2022,PR,Caju,,,,
2022,PR,Castanha de caju,,,,
2022,RJ,Caju,,,,
2022,RJ,Castanha de caju,,,,
2022,RN,Caju,,,,
2022,RN,Castanha de caju,48375,18268.0,421.44628099173548,68361.0
2022,RO,Caju,,,,
2022,RO,Castanha de caju,,,,
2022,RR,Caju,,,,
2022,RR,Castanha de caju,,,,
2022,RS,Caju,,,,
2022,RS,Castanha de caju,,,,
2022,SC,Caju,,,,
2022,SC,Castanha de caju,,,,
2022,SE,Caju,,,,
2022,SE,Castanha de caju,,,,
2022,SP,Caju,,,,
2022,SP,Castanha de caju,,,,
2022,TO,Caju,,,,
2022,TO,Castanha de caju,9,5.0,666.66666666666663,20.0
2021,AC,Caju,,,,
2021,AC,Castanha de caju,,,,
2021,AL,Caju,,,,
2021,AL,Castanha de caju,627,412.0,702.78571428571445,1764.0
2021,AM,Caju,,,,
2021,AM,Castanha de caju,,,,
2021,AP,Caju,,,,
2021,AP,Castanha de caju,,,,
2021,BA,Caju,,,,
2021,BA,Castanha de caju,15439,3954.0,328.28000000000003,16962.0
2021,CE,Caju,,,,
2021,CE,Castanha de caju,271066,62977.0,257.37908496732018,295682.0
2021,DF,Caju,,,,
2021,DF,Castanha de caju,,,,
2021,ES,Caju,,,,
2021,ES,Castanha de caju,,,,
2021,GO,Caju,,,,
2021,GO,Castanha de caju,,,,
2021,MA,Caju,,,,
2021,MA,Castanha de caju,10880,3610.0,348.15841584158414,8192.0
2021,MG,Caju,,,,
2021,MG,Castanha de caju,,,,
2021,MS,Caju,,,,
2021,MS,Castanha de caju,,,,
2021,MT,Caju,,,,
2021,MT,Castanha de caju,150,89.0,593.0,178.0
2021,PA,Caju,,,,
2021,PA,Castanha de caju,1064,723.0,754.66666666666674,1811.0
2021,PB,Caju,,,,
2021,PB,Castanha de caju,2941,676.0,255.21495327102815,2161.0
2021,PE,Caju,,,,
2021,PE,Castanha de caju,2165,2625.0,736.73684210526312,14862.0
2021,PI,Caju,,,,
2021,PI,Castanha de caju,72327,19020.0,279.52906976744197,73076.0
2021,PR,Caju,,,,
2021,PR,Castanha de caju,,,,
2021,RJ,Caju,,,,
2021,RJ,Castanha de caju,,,,
2021,RN,Caju,,,,
2021,RN,Castanha de caju,50325,16920.0,367.01639344262287,61920.0
2021,RO,Caju,,,,
2021,RO,Castanha de caju,,,,
2021,RR,Caju,,,,
2021,RR,Castanha de caju,,,,
2021,RS,Caju,,,,
2021,RS,Castanha de caju,,,,
2021,SC,Caju,,,,
2021,SC,Castanha de caju,,,,
2021,SE,Caju,,,,
2021,SE,Castanha de caju,,,,
2021,SP,Caju,,,,
2021,SP,Castanha de caju,,,,
2021,TO,Caju,,,,
2021,TO,Castanha de caju,10,6.0,750.0,12.0
2020,AC,Caju,,,,
2020,AC,Castanha de caju,,,,
2020,AL,Caju,,,,
2020,AL,Castanha de caju,802,531.0,665.70731707317077,1524.0
2020,AM,Caju,,,,
2020,AM,Castanha de caju,,,,
2020,AP,Caju,,,,
2020,AP,Castanha de caju,,,,
2020,BA,Caju,,,,
2020,BA,Castanha de caju,15466,4017.0,347.0,12282.0
2020,CE,Caju,,,,
2020,CE,Castanha de caju,269900,85177.0,349.47058823529426,280606.0
2020,DF,Caju,,,,
2020,DF,Castanha de caju,,,,
2020,ES,Caju,,,,
2020,ES,Castanha de caju,,,,
2020,GO,Caju,,,,
2020,GO,Castanha de caju,,,,
2020,MA,Caju,,,,
2020,MA,Castanha de caju,11214,3726.0,362.45098039215685,7249.0
2020,MG,Caju,,,,
2020,MG,Castanha de caju,,,,
2020,MS,Caju,,,,
2020,MS,Castanha de caju,,,,
2020,MT,Caju,,,,
2020,MT,Castanha de caju,150,87.0,580.0,157.0
2020,PA,Caju,,,,
2020,PA,Castanha de caju,1110,746.0,768.41666666666674,1560.0
2020,PB,Caju,,,,
2020,PB,Castanha de caju,3194,823.0,251.00925925925921,2317.0
2020,PE,Caju,,,,
2020,PE,Castanha de caju,2307,3525.0,846.89473684210532,17746.0
2020,PI,Caju,,,,
2020,PI,Castanha de caju,71132,23155.0,300.40697674418595,64775.0
2020,PR,Caju,,,,
2020,PR,Castanha de caju,,,,
2020,RJ,Caju,,,,
2020,RJ,Castanha de caju,,,,
2020,RN,Caju,,,,
2020,RN,Castanha de caju,50846,17524.0,371.15447154471542,60114.0
2020,RO,Caju,,,,
2020,RO,Castanha de caju,,,,
2020,RR,Caju,,,,
2020,RR,Castanha de caju,,,,
2020,RS,Caju,,,,
2020,RS,Castanha de caju,,,,
2020,SC,Caju,,,,
2020,SC,Castanha de caju,,,,
2020,SE,Caju,,,,
2020,SE,Castanha de caju,,,,
2020,SP,Caju,,,,
2020,SP,Castanha de caju,,,,
2020,TO,Caju,,,,
2020,TO,Castanha de caju,10,10.0,916.75,17.0
2019,AC,Caju,,,,
2019,AC,Castanha de caju,,,,
2019,AL,Caju,,,,
2019,AL,Castanha de caju,633,362.0,651.63414634146352,887.0
2019,AM,Caju,,,,
2019,AM,Castanha de caju,,,,
2019,AP,Caju,,,,
2019,AP,Castanha de caju,,,,
2019,BA,Caju,,,,
2019,BA,Castanha de caju,15428,2438.0,282.2115384615384,7882.0
2019,CE,Caju,,,,
2019,CE,Castanha de caju,269819,87659.0,271.09803921568624,256400.0
2019,DF,Caju,,,,
2019,DF,Castanha de caju,,,,
2019,ES,Caju,,,,
2019,ES,Castanha de caju,,,,
2019,GO,Caju,,,,
2019,GO,Castanha de caju,,,,
2019,MA,Caju,,,,
2019,MA,Castanha de caju,12550,3946.0,349.8214285714285,6833.0
2019,MG,Caju,,,,
2019,MG,Castanha de caju,,,,
2019,MS,Caju,,,,
2019,MS,Castanha de caju,,,,
2019,MT,Caju,,,,
2019,MT,Castanha de caju,150,80.0,533.0,160.0
2019,PA,Caju,,,,
2019,PA,Castanha de caju,1153,800.0,790.5,1800.0
2019,PB,Caju,,,,
2019,PB,Castanha de caju,3406,868.0,258.86486486486478,2131.0
2019,PE,Caju,,,,
2019,PE,Castanha de caju,2377,3942.0,743.04545454545462,8293.0
2019,PI,Caju,,,,
2019,PI,Castanha de caju,69380,21631.0,282.64327485380124,52679.0
2019,PR,Caju,,,,
2019,PR,Castanha de caju,,,,
2019,RJ,Caju,,,,
2019,RJ,Castanha de caju,,,,
2019,RN,Caju,,,,
2019,RN,Castanha de caju,51397,16862.0,349.37777777777779,48829.0
2019,RO,Caju,,,,
2019,RO,Castanha de caju,,,,
2019,RR,Caju,,,,
2019,RR,Castanha de caju,,,,
2019,RS,Caju,,,,
2019,RS,Castanha de caju,,,,
2019,SC,Caju,,,,
2019,SC,Castanha de caju,,,,
2019,SE,Caju,,,,
2019,SE,Castanha de caju,,,,
2019,SP,Caju,,,,
2019,SP,Castanha de caju,,,,
2019,TO,Caju,,,,
2019,TO,Castanha de caju,9,9.0,889.0,39.0
2018,AC,Caju,,,,
2018,AC,Castanha de caju,,,,
2018,AL,Caju,,,,
2018,AL,Castanha de caju,1067,697.0,725.73999999999978,1659.0
2018,AM,Caju,,,,
2018,AM,Castanha de caju,,,,
2018,AP,Caju,,,,
2018,AP,Castanha de caju,,,,
2018,BA,Caju,,,,
2018,BA,Castanha de caju,15067,2011.0,264.34615384615381,6725.0
2018,CE,Caju,,,,
2018,CE,Castanha de caju,272755,83036.0,264.36363636363632,243999.0
2018,DF,Caju,,,,
2018,DF,Castanha de caju,,,,
2018,ES,Caju,,,,
2018,ES,Castanha de caju,,,,
2018,GO,Caju,,,,
2018,GO,Castanha de caju,,,,
2018,MA,Caju,,,,
2018,MA,Castanha de caju,14129,5966.0,401.00000000000006,10085.0
2018,MG,Caju,,,,
2018,MG,Castanha de caju,,,,
2018,MS,Caju,,,,
2018,MS,Castanha de caju,,,,
2018,MT,Caju,,,,
2018,MT,Castanha de caju,165,97.0,500.0,194.0
2018,PA,Caju,,,,
2018,PA,Castanha de caju,1835,1819.0,989.23076923076928,3719.0
2018,PB,Caju,,,,
2018,PB,Castanha de caju,3460,864.0,255.97368421052624,1982.0
2018,PE,Caju,,,,
2018,PE,Castanha de caju,2351,4018.0,762.608695652174,8567.0
2018,PI,Caju,,,,
2018,PI,Castanha de caju,75403,24885.0,317.14054054054037,63391.0
2018,PR,Caju,,,,
2018,PR,Castanha de caju,,,,
2018,RJ,Caju,,,,
2018,RJ,Castanha de caju,,,,
2018,RN,Caju,,,,
2018,RN,Castanha de caju,52852,17986.0,393.55223880597026,43394.0
2018,RO,Caju,,,,
2018,RO,Castanha de caju,,,,
2018,RR,Caju,,,,
2018,RR,Castanha de caju,,,,
2018,RS,Caju,,,,
2018,RS,Castanha de caju,,,,
2018,SC,Caju,,,,
2018,SC,Castanha de caju,,,,
2018,SE,Caju,,,,
2018,SE,Castanha de caju,,,,
2018,SP,Caju,,,,
2018,SP,Castanha de caju,,,,
2018,TO,Caju,,,,
2018,TO,Castanha de caju,6,7.0,1167.0,35.0
2017,AC,Caju,,,,
2017,AC,Castanha de caju,,,,
2017,AL,Caju,,,,
2017,AL,Castanha de caju,1039,760.0,744.30612244897964,2013.0
2017,AM,Caju,,,,
2017,AM,Castanha de caju,,,,
2017,AP,Caju,,,,
2017,AP,Castanha de caju,,,,
2017,BA,Caju,,,,
2017,BA,Castanha de caju,15915,3372.0,282.3888888888888,11504.0
2017,CE,Caju,,,,
2017,CE,Castanha de caju,311375,81098.0,215.50657894736841,284112.0
2017,DF,Caju,,,,
2017,DF,Castanha de caju,,,,
2017,ES,Caju,,,,
2017,ES,Castanha de caju,,,,
2017,GO,Caju,,,,
2017,GO,Castanha de caju,,,,
2017,MA,Caju,,,,
2017,MA,Castanha de caju,14326,5665.0,385.44247787610618,10484.0
2017,MG,Caju,,,,
2017,MG,Castanha de caju,,,,
2017,MS,Caju,,,,
2017,MS,Castanha de caju,,,,
2017,MT,Caju,,,,
2017,MT,Castanha de caju,155,93.0,600.0,186.0
2017,PA,Caju,,,,
2017,PA,Castanha de caju,2335,1459.0,903.0,2021.0
2017,PB,Caju,,,,
2017,PB,Castanha de caju,3363,893.0,282.23469387755119,1767.0
2017,PE,Caju,,,,
2017,PE,Castanha de caju,2658,2491.0,789.72,5170.0
2017,PI,Caju,,,,
2017,PI,Castanha de caju,76376,17100.0,257.010752688172,50471.0
2017,PR,Caju,,,,
2017,PR,Castanha de caju,,,,
2017,RJ,Caju,,,,
2017,RJ,Castanha de caju,,,,
2017,RN,Caju,,,,
2017,RN,Castanha de caju,61135,20670.0,356.92537313432837,33392.0
2017,RO,Caju,,,,
2017,RO,Castanha de caju,,,,
2017,RR,Caju,,,,
2017,RR,Castanha de caju,,,,
2017,RS,Caju,,,,
2017,RS,Castanha de caju,,,,
2017,SC,Caju,,,,
2017,SC,Castanha de caju,,,,
2017,SE,Caju,,,,
2017,SE,Castanha de caju,,,,
2017,SP,Caju,,,,
2017,SP,Castanha de caju,,,,
2017,TO,Caju,,,,
2017,TO,Castanha de caju,6,7.0,1167.0,5.0
2016,AC,Caju,,,,
2016,AC,Castanha de caju,,,,
2016,AL,Caju,,,,
2016,AL,Castanha de caju,1214,664.0,556.37500000000023,1288.0
2016,AM,Caju,,,,
2016,AM,Castanha de caju,,,,
2016,AP,Caju,,,,
2016,AP,Castanha de caju,,,,
2016,BA,Caju,,,,
2016,BA,Castanha de caju,25733,3378.0,225.32558139534882,10405.0
2016,CE,Caju,,,,
2016,CE,Castanha de caju,376054,30968.0,142.15131578947378,119104.0
2016,DF,Caju,,,,
2016,DF,Castanha de caju,,,,
2016,ES,Caju,,,,
2016,ES,Castanha de caju,,,,
2016,GO,Caju,,,,
2016,GO,Castanha de caju,,,,
2016,MA,Caju,,,,
2016,MA,Castanha de caju,13379,4848.0,368.24576271186436,5783.0
2016,MG,Caju,,,,
2016,MG,Castanha de caju,,,,
2016,MS,Caju,,,,
2016,MS,Castanha de caju,,,,
2016,MT,Caju,,,,
2016,MT,Castanha de caju,171,96.0,462.66666666666669,193.0
2016,PA,Caju,,,,
2016,PA,Castanha de caju,2323,1446.0,928.3,3497.0
2016,PB,Caju,,,,
2016,PB,Castanha de caju,3950,897.0,245.09909909909913,1985.0
2016,PE,Caju,,,,
2016,PE,Castanha de caju,3402,2906.0,467.94117647058818,6142.0
2016,PI,Caju,,,,
2016,PI,Castanha de caju,79219,11189.0,145.20879120879118,34912.0
2016,PR,Caju,,,,
2016,PR,Castanha de caju,,,,
2016,RJ,Caju,,,,
2016,RJ,Castanha de caju,,,,
2016,RN,Caju,,,,
2016,RN,Castanha de caju,62136,18169.0,315.71538461538455,50445.0
2016,RO,Caju,,,,
2016,RO,Castanha de caju,,,,
2016,RR,Caju,,,,
2016,RR,Castanha de caju,,,,
2016,RS,Caju,,,,
2016,RS,Castanha de caju,,,,
2016,SC,Caju,,,,
2016,SC,Castanha de caju,,,,
2016,SE,Caju,,,,
2016,SE,Castanha de caju,,,,
2016,SP,Caju,,,,
2016,SP,Castanha de caju,,,,
2016,TO,Caju,,,,
2016,TO,Castanha de caju,6,7.0,1167.0,5.0
2015,AC,Caju,,,,
2015,AC,Castanha de caju,,,,
2015,AL,Caju,,,,
2015,AL,Castanha de caju,1174,612.0,511.68421052631584,1043.0
2015,AM,Caju,,,,
2015,AM,Castanha de caju,,,,
2015,AP,Caju,,,,
2015,AP,Castanha de caju,,,,
2015,BA,Caju,,,,
2015,BA,Castanha de caju,25786,5421.0,359.34146341463418,7144.0
2015,CE,Caju,,,,
2015,CE,Castanha de caju,374426,52118.0,144.49681528662424,171708.0
2015,DF,Caju,,,,
2015,DF,Castanha de caju,,,,
2015,ES,Caju,,,,
2015,ES,Castanha de caju,,,,
2015,GO,Caju,,,,
2015,GO,Castanha de caju,,,,
2015,MA,Caju,,,,
2015,MA,Castanha de caju,11968,4093.0,365.093220338983,4049.0
2015,MG,Caju,,,,
2015,MG,Castanha de caju,,,,
2015,MS,Caju,,,,
2015,MS,Castanha de caju,,,,
2015,MT,Caju,,,,
2015,MT,Castanha de caju,652,256.0,311.0,487.0
2015,PA,Caju,,,,
2015,PA,Castanha de caju,2945,1651.0,678.57142857142856,985.0
2015,PB,Caju,,,,
2015,PB,Castanha de caju,4039,960.0,239.7211538461539,1806.0
2015,PE,Caju,,,,
2015,PE,Castanha de caju,3791,3164.0,582.17948717948718,4033.0
2015,PI,Caju,,,,
2015,PI,Castanha de caju,87377,12751.0,165.1521739130435,33206.0
2015,PR,Caju,,,,
2015,PR,Castanha de caju,,,,
2015,RJ,Caju,,,,
2015,RJ,Castanha de caju,,,,
2015,RN,Caju,,,,
2015,RN,Castanha de caju,78755,22337.0,264.1760563380281,42392.0
2015,RO,Caju,,,,
2015,RO,Castanha de caju,,,,
2015,RR,Caju,,,,
2015,RR,Castanha de caju,,,,
2015,RS,Caju,,,,
2015,RS,Castanha de caju,,,,
2015,SC,Caju,,,,
2015,SC,Castanha de caju,,,,
2015,SE,Caju,,,,
2015,SE,Castanha de caju,,,,
2015,SP,Caju,,,,
2015,SP,Castanha de caju,,,,
2015,TO,Caju,,,,
2015,TO,Castanha de caju,,,,
2014,AC,Caju,,,,
2014,AC,Castanha de caju,,,,
2014,AL,Caju,,,,
2014,AL,Castanha de caju,1169,634.0,453.57894736842104,896.0
2014,AM,Caju,,,,
2014,AM,Castanha de caju,,,,
2014,AP,Caju,,,,
2014,AP,Castanha de caju,,,,
2014,BA,Caju,,,,
2014,BA,Castanha de caju,22690,5279.0,243.25000000000003,6138.0
2014,CE,Caju,,,,
2014,CE,Castanha de caju,378094,51211.0,217.03468208092485,108295.0
2014,DF,Caju,,,,
2014,DF,Castanha de caju,,,,
2014,ES,Caju,,,,
2014,ES,Castanha de caju,,,,
2014,GO,Caju,,,,
2014,GO,Castanha de caju,,,,
2014,MA,Caju,,,,
2014,MA,Castanha de caju,14438,5177.0,372.35897435897419,4893.0
2014,MG,Caju,,,,
2014,MG,Castanha de caju,,,,
2014,MS,Caju,,,,
2014,MS,Castanha de caju,,,,
2014,MT,Caju,,,,
2014,MT,Castanha de caju,662,261.0,359.16666666666669,523.0
2014,PA,Caju,,,,
2014,PA,Castanha de caju,3030,1663.0,743.33333333333337,1824.0
2014,PB,Caju,,,,
2014,PB,Castanha de caju,4125,991.0,248.37500000000003,1736.0
2014,PE,Caju,,,,
2014,PE,Castanha de caju,3571,2745.0,555.74418604651146,3430.0
2014,PI,Caju,,,,
2014,PI,Castanha de caju,92338,12347.0,182.65934065934064,21475.0
2014,PR,Caju,,,,
2014,PR,Castanha de caju,,,,
2014,RJ,Caju,,,,
2014,RJ,Castanha de caju,,,,
2014,RN,Caju,,,,
2014,RN,Castanha de caju,107020,27405.0,292.01960784313729,36195.0
2014,RO,Caju,,,,
2014,RO,Castanha de caju,,,,
2014,RR,Caju,,,,
2014,RR,Castanha de caju,,,,
2014,RS,Caju,,,,
2014,RS,Castanha de caju,,,,
2014,SC,Caju,,,,
2014,SC,Castanha de caju,,,,
2014,SE,Caju,,,,
2014,SE,Castanha de caju,,,,
2014,SP,Caju,,,,
2014,SP,Castanha de caju,,,,
2014,TO,Caju,,,,
2014,TO,Castanha de caju,,,,
2013,AC,Caju,,,,
2013,AC,Castanha de caju,,,,
2013,AL,Caju,,,,
2013,AL,Castanha de caju,1169,665.0,458.52631578947364,903.0
2013,AM,Caju,,,,
2013,AM,Castanha de caju,,,,
2013,AP,Caju,,,,
2013,AP,Castanha de caju,,,,
2013,BA,Caju,,,,
2013,BA,Castanha de caju,22959,4269.0,216.62857142857143,4488.0
2013,CE,Caju,,,,
2013,CE,Castanha de caju,405458,53112.0,178.78362573099409,89479.0
2013,DF,Caju,,,,
2013,DF,Castanha de caju,,,,
2013,ES,Caju,,,,
2013,ES,Castanha de caju,,,,
2013,GO,Caju,,,,
2013,GO,Castanha de caju,,,,
2013,MA,Caju,,,,
2013,MA,Castanha de caju,16091,4980.0,333.01709401709388,4609.0
2013,MG,Caju,,,,
2013,MG,Castanha de caju,,,,
2013,MS,Caju,,,,
2013,MS,Castanha de caju,,,,
2013,MT,Caju,,,,
2013,MT,Castanha de caju,712,278.0,327.42857142857139,418.0
2013,PA,Caju,,,,
2013,PA,Castanha de caju,3064,1668.0,810.83333333333326,1734.0
2013,PB,Caju,,,,
2013,PB,Castanha de caju,4705,1025.0,234.56034482758611,1763.0
2013,PE,Caju,,,,
2013,PE,Castanha de caju,3230,2067.0,608.71428571428567,2879.0
2013,PI,Caju,,,,
2013,PI,Castanha de caju,132439,12863.0,134.949720670391,17922.0
2013,PR,Caju,,,,
2013,PR,Castanha de caju,,,,
2013,RJ,Caju,,,,
2013,RJ,Castanha de caju,,,,
2013,RN,Caju,,,,
2013,RN,Castanha de caju,104897,28109.0,308.85234899328873,35441.0
2013,RO,Caju,,,,
2013,RO,Castanha de caju,,,,
2013,RR,Caju,,,,
2013,RR,Castanha de caju,,,,
2013,RS,Caju,,,,
2013,RS,Castanha de caju,,,,
2013,SC,Caju,,,,
2013,SC,Castanha de caju,,,,
2013,SE,Caju,,,,
2013,SE,Castanha de caju,,,,
2013,SP,Caju,,,,
2013,SP,Castanha de caju,,,,
2013,TO,Caju,,,,
2013,TO,Castanha de caju,565,643.0,1139.1428571428571,715.0
2012,AC,Caju,,,,
2012,AC,Castanha de caju,,,,
2012,AL,Caju,,,,
2012,AL,Castanha de caju,1327,770.0,536.33333333333326,919.0
2012,AM,Caju,,,,
2012,AM,Castanha de caju,,,,
2012,AP,Caju,,,,
2012,AP,Castanha de caju,,,,
2012,BA,Caju,,,,
2012,BA,Castanha de caju,27180,1410.0,96.71794871794873,1238.0
2012,CE,Caju,,,,
2012,CE,Castanha de caju,400285,38574.0,106.21333333333338,57346.0
2012,DF,Caju,,,,
2012,DF,Castanha de caju,,,,
2012,ES,Caju,,,,
2012,ES,Castanha de caju,,,,
2012,GO,Caju,,,,
2012,GO,Castanha de caju,,,,
2012,MA,Caju,,,,
2012,MA,Castanha de caju,16999,4925.0,338.03508771929819,4136.0
2012,MG,Caju,,,,
2012,MG,Castanha de caju,,,,
2012,MS,Caju,,,,
2012,MS,Castanha de caju,,,,
2012,MT,Caju,,,,
2012,MT,Castanha de caju,720,311.0,1257.8333333333335,779.0
2012,PA,Caju,,,,
2012,PA,Castanha de caju,3285,2890.0,800.5,2718.0
2012,PB,Caju,,,,
2012,PB,Castanha de caju,5412,818.0,188.54918032786887,1287.0
2012,PE,Caju,,,,
2012,PE,Castanha de caju,6187,3401.0,542.94117647058818,3868.0
2012,PI,Caju,,,,
2012,PI,Castanha de caju,165410,8923.0,82.810975609756071,10716.0
2012,PR,Caju,,,,
2012,PR,Castanha de caju,,,,
2012,RJ,Caju,,,,
2012,RJ,Castanha de caju,,,,
2012,RN,Caju,,,,
2012,RN,Castanha de caju,129496,18003.0,177.62820512820508,27022.0
2012,RO,Caju,,,,
2012,RO,Castanha de caju,,,,
2012,RR,Caju,,,,
2012,RR,Castanha de caju,,,,
2012,RS,Caju,,,,
2012,RS,Castanha de caju,,,,
2012,SC,Caju,,,,
2012,SC,Castanha de caju,,,,
2012,SE,Caju,,,,
2012,SE,Castanha de caju,,,,
2012,SP,Caju,,,,
2012,SP,Castanha de caju,,,,
2012,TO,Caju,,,,
2012,TO,Castanha de caju,545,605.0,1187.7142857142858,781.0
2011,AC,Caju,,,,
2011,AC,Castanha de caju,,,,
2011,AL,Caju,,,,
2011,AL,Castanha de caju,1345,388.0,272.14285714285717,470.0
2011,AM,Caju,,,,
2011,AM,Castanha de caju,,,,
2011,AP,Caju,,,,
2011,AP,Castanha de caju,,,,
2011,BA,Caju,,,,
2011,BA,Castanha de caju,25727,1756.0,149.21818181818176,1425.0
2011,CE,Caju,,,,
2011,CE,Castanha de caju,402255,111718.0,330.18749999999989,143950.0
2011,DF,Caju,,,,
2011,DF,Castanha de caju,,,,
2011,ES,Caju,,,,
2011,ES,Castanha de caju,,,,
2011,GO,Caju,,,,
2011,GO,Castanha de caju,,,,
2011,MA,Caju,,,,
2011,MA,Castanha de caju,18875,5114.0,295.7833333333333,4454.0
2011,MG,Caju,,,,
2011,MG,Castanha de caju,,,,
2011,MS,Caju,,,,
2011,MS,Castanha de caju,,,,
2011,MT,Caju,,,,
2011,MT,Castanha de caju,715,276.0,290.2,412.0
2011,PA,Caju,,,,
2011,PA,Castanha de caju,3124,2746.0,818.68421052631584,2715.0
2011,PB,Caju,,,,
2011,PB,Castanha de caju,5671,1897.0,367.03759398496231,2176.0
2011,PE,Caju,,,,
2011,PE,Castanha de caju,8531,6293.0,671.34374999999977,6195.0
2011,PI,Caju,,,,
2011,PI,Castanha de caju,171525,45773.0,280.53658536585351,49732.0
2011,PR,Caju,,,,
2011,PR,Castanha de caju,,,,
2011,RJ,Caju,,,,
2011,RJ,Castanha de caju,,,,
2011,RN,Caju,,,,
2011,RN,Castanha de caju,126208,54252.0,329.08917197452223,63885.0
2011,RO,Caju,,,,
2011,RO,Castanha de caju,,,,
2011,RR,Caju,,,,
2011,RR,Castanha de caju,,,,
2011,RS,Caju,,,,
2011,RS,Castanha de caju,,,,
2011,SC,Caju,,,,
2011,SC,Castanha de caju,,,,
2011,SE,Caju,,,,
2011,SE,Castanha de caju,,,,
2011,SP,Caju,,,,
2011,SP,Castanha de caju,,,,
2011,TO,Caju,,,,
2011,TO,Castanha de caju,496,572.0,1434.8888888888889,569.0
2010,AC,Caju,,,,
2010,AC,Castanha de caju,,,,
2010,AL,Caju,,,,
2010,AL,Castanha de caju,1444,584.0,376.75000000000006,521.0
2010,AM,Caju,,,,
2010,AM,Castanha de caju,,,,
2010,AP,Caju,,,,
2010,AP,Castanha de caju,,,,
2010,BA,Caju,,,,
2010,BA,Castanha de caju,25848,5440.0,255.56603773584902,4581.0
2010,CE,Caju,,,,
2010,CE,Castanha de caju,401347,39596.0,173.62068965517238,54237.0
2010,DF,Caju,,,,
2010,DF,Castanha de caju,,,,
2010,ES,Caju,,,,
2010,ES,Castanha de caju,,,,
2010,GO,Caju,,,,
2010,GO,Castanha de caju,,,,
2010,MA,Caju,,,,
2010,MA,Castanha de caju,19557,6871.0,380.63414634146324,5237.0
2010,MG,Caju,,,,
2010,MG,Castanha de caju,,,,
2010,MS,Caju,,,,
2010,MS,Castanha de caju,,,,
2010,MT,Caju,,,,
2010,MT,Castanha de caju,720,270.0,289.8,376.0
2010,PA,Caju,,,,
2010,PA,Castanha de caju,2957,2092.0,755.80952380952385,2050.0
2010,PB,Caju,,,,
2010,PB,Castanha de caju,7297,2231.0,341.18248175182487,2291.0
2010,PE,Caju,,,,
2010,PE,Castanha de caju,6687,5564.0,772.1224489795917,4828.0
2010,PI,Caju,,,,
2010,PI,Castanha de caju,171420,14591.0,121.29468599033814,12079.0
2010,PR,Caju,,,,
2010,PR,Castanha de caju,,,,
2010,RJ,Caju,,,,
2010,RJ,Castanha de caju,,,,
2010,RN,Caju,,,,
2010,RN,Castanha de caju,121281,26601.0,217.4117647058824,26507.0
2010,RO,Caju,,,,
2010,RO,Castanha de caju,,,,
2010,RR,Caju,,,,
2010,RR,Castanha de caju,,,,
2010,RS,Caju,,,,
2010,RS,Castanha de caju,,,,
2010,SC,Caju,,,,
2010,SC,Castanha de caju,,,,
2010,SE,Caju,,,,
2010,SE,Castanha de caju,,,,
2010,SP,Caju,,,,
2010,SP,Castanha de caju,,,,
2010,TO,Caju,,,,
2010,TO,Castanha de caju,430,502.0,1461.0,483.0
2009,AC,Caju,,,,
2009,AC,Castanha de caju,,,,
2009,AL,Caju,,,,
2009,AL,Castanha de caju,1259,534.0,514.72222222222217,442.0
2009,AM,Caju,,,,
2009,AM,Castanha de caju,,,,
2009,AP,Caju,,,,
2009,AP,Castanha de caju,,,,
2009,BA,Caju,,,,
2009,BA,Castanha de caju,25460,5279.0,263.07407407407408,4540.0
2009,CE,Caju,,,,
2009,CE,Castanha de caju,396538,104421.0,346.33333333333337,94885.0
2009,DF,Caju,,,,
2009,DF,Castanha de caju,,,,
2009,ES,Caju,,,,
2009,ES,Castanha de caju,,,,
2009,GO,Caju,,,,
2009,GO,Castanha de caju,,,,
2009,MA,Caju,,,,
2009,MA,Castanha de caju,18616,6473.0,362.96551724137936,4044.0
2009,MG,Caju,,,,
2009,MG,Castanha de caju,,,,
2009,MS,Caju,,,,
2009,MS,Castanha de caju,,,,
2009,MT,Caju,,,,
2009,MT,Castanha de caju,845,555.0,454.14285714285711,803.0
2009,PA,Caju,,,,
2009,PA,Castanha de caju,2608,1867.0,707.04545454545462,1467.0
2009,PB,Caju,,,,
2009,PB,Castanha de caju,7905,3152.0,433.5808823529411,3130.0
2009,PE,Caju,,,,
2009,PE,Castanha de caju,7260,5827.0,694.99999999999989,4856.0
2009,PI,Caju,,,,
2009,PI,Castanha de caju,170545,42963.0,259.32535885167454,34868.0
2009,PR,Caju,,,,
2009,PR,Castanha de caju,,,,
2009,RJ,Caju,,,,
2009,RJ,Castanha de caju,,,,
2009,RN,Caju,,,,
2009,RN,Castanha de caju,126585,48918.0,386.92452830188694,47878.0
2009,RO,Caju,,,,
2009,RO,Castanha de caju,,,,
2009,RR,Caju,,,,
2009,RR,Castanha de caju,,,,
2009,RS,Caju,,,,
2009,RS,Castanha de caju,,,,
2009,SC,Caju,,,,
2009,SC,Castanha de caju,,,,
2009,SE,Caju,,,,
2009,SE,Castanha de caju,,,,
2009,SP,Caju,,,,
2009,SP,Castanha de caju,,,,
2009,TO,Caju,,,,
2009,TO,Castanha de caju,464,516.0,1389.1,490.0
2008,AC,Caju,,,,
2008,AC,Castanha de caju,,,,
2008,AL,Caju,,,,
2008,AL,Castanha de caju,1259,531.0,542.27777777777783,450.0
2008,AM,Caju,,,,
2008,AM,Castanha de caju,,,,
2008,AP,Caju,,,,
2008,AP,Castanha de caju,,,,
2008,BA,Caju,,,,
2008,BA,Castanha de caju,24026,4327.0,248.66666666666674,3492.0
2008,CE,Caju,,,,
2008,CE,Castanha de caju,386757,121045.0,362.497175141243,109251.0
2008,DF,Caju,,,,
2008,DF,Castanha de caju,,,,
2008,ES,Caju,,,,
2008,ES,Castanha de caju,,,,
2008,GO,Caju,,,,
2008,GO,Castanha de caju,,,,
2008,MA,Caju,,,,
2008,MA,Castanha de caju,19101,6534.0,360.67826086956535,4345.0
2008,MG,Caju,,,,
2008,MG,Castanha de caju,,,,
2008,MS,Caju,,,,
2008,MS,Castanha de caju,,,,
2008,MT,Caju,,,,
2008,MT,Castanha de caju,1695,470.0,325.33333333333331,669.0
2008,PA,Caju,,,,
2008,PA,Castanha de caju,2940,2081.0,709.82608695652164,1673.0
2008,PB,Caju,,,,
2008,PB,Castanha de caju,8102,3238.0,446.5955882352942,3276.0
2008,PE,Caju,,,,
2008,PE,Castanha de caju,6897,5633.0,696.42857142857133,4227.0
2008,PI,Caju,,,,
2008,PI,Castanha de caju,179395,56223.0,317.08252427184465,44230.0
2008,PR,Caju,,,,
2008,PR,Castanha de caju,,,,
2008,RJ,Caju,,,,
2008,RJ,Castanha de caju,,,,
2008,RN,Caju,,,,
2008,RN,Castanha de caju,116685,42593.0,391.72151898734177,41158.0
2008,RO,Caju,,,,
2008,RO,Castanha de caju,,,,
2008,RR,Caju,,,,
2008,RR,Castanha de caju,,,,
2008,RS,Caju,,,,
2008,RS,Castanha de caju,,,,
2008,SC,Caju,,,,
2008,SC,Castanha de caju,,,,
2008,SE,Caju,,,,
2008,SE,Castanha de caju,,,,
2008,SP,Caju,,,,
2008,SP,Castanha de caju,,,,
2008,TO,Caju,,,,
2008,TO,Castanha de caju,577,578.0,1279.1,559.0
2007,AC,Caju,,,,
2007,AC,Castanha de caju,,,,
2007,AL,Caju,,,,
2007,AL,Castanha de caju,1165,447.0,530.64705882352939,372.0
2007,AM,Caju,,,,
2007,AM,Castanha de caju,,,,
2007,AP,Caju,,,,
2007,AP,Castanha de caju,,,,
2007,BA,Caju,,,,
2007,BA,Castanha de caju,27664,6125.0,276.75925925925935,5187.0
2007,CE,Caju,,,,
2007,CE,Castanha de caju,376132,53420.0,193.51724137931032,43368.0
2007,DF,Caju,,,,
2007,DF,Castanha de caju,,,,
2007,ES,Caju,,,,
2007,ES,Castanha de caju,,,,
2007,GO,Caju,,,,
2007,GO,Castanha de caju,,,,
2007,MA,Caju,,,,
2007,MA,Castanha de caju,18426,6236.0,375.3451327433628,3731.0
2007,MG,Caju,,,,
2007,MG,Castanha de caju,,,,
2007,MS,Caju,,,,
2007,MS,Castanha de caju,,,,
2007,MT,Caju,,,,
2007,MT,Castanha de caju,1354,297.0,223.83333333333331,344.0
2007,PA,Caju,,,,
2007,PA,Castanha de caju,2406,1632.0,659.81818181818187,1228.0
2007,PB,Caju,,,,
2007,PB,Castanha de caju,8056,2901.0,424.389705882353,2824.0
2007,PE,Caju,,,,
2007,PE,Castanha de caju,6625,4919.0,601.530612244898,4624.0
2007,PI,Caju,,,,
2007,PI,Castanha de caju,172551,23744.0,158.06030150753762,18569.0
2007,PR,Caju,,,,
2007,PR,Castanha de caju,,,,
2007,RJ,Caju,,,,
2007,RJ,Castanha de caju,,,,
2007,RN,Caju,,,,
2007,RN,Castanha de caju,116463,40408.0,379.27215189873419,38217.0
2007,RO,Caju,,,,
2007,RO,Castanha de caju,,,,
2007,RR,Caju,,,,
2007,RR,Castanha de caju,,,,
2007,RS,Caju,,,,
2007,RS,Castanha de caju,,,,
2007,SC,Caju,,,,
2007,SC,Castanha de caju,,,,
2007,SE,Caju,,,,
2007,SE,Castanha de caju,,,,
2007,SP,Caju,,,,
2007,SP,Castanha de caju,,,,
2007,TO,Caju,,,,
2007,TO,Castanha de caju,570,546.0,1249.181818181818,521.0
2006,AC,Caju,,,,
2006,AC,Castanha de caju,,,,
2006,AL,Caju,,,,
2006,AL,Castanha de caju,1147,427.0,458.68750000000006,386.0
2006,AM,Caju,,,,
2006,AM,Castanha de caju,,,,
2006,AP,Caju,,,,
2006,AP,Castanha de caju,,,,
2006,BA,Caju,,,,
2006,BA,Castanha de caju,27000,6618.0,330.16363636363627,5766.0
2006,CE,Caju,,,,
2006,CE,Castanha de caju,371032,130544.0,364.98305084745772,115869.0
2006,DF,Caju,,,,
2006,DF,Castanha de caju,,,,
2006,ES,Caju,,,,
2006,ES,Castanha de caju,,,,
2006,GO,Caju,,,,
2006,GO,Castanha de caju,,,,
2006,MA,Caju,,,,
2006,MA,Castanha de caju,18339,6149.0,362.11607142857133,4338.0
2006,MG,Caju,,,,
2006,MG,Castanha de caju,,,,
2006,MS,Caju,,,,
2006,MS,Castanha de caju,,,,
2006,MT,Caju,,,,
2006,MT,Castanha de caju,1054,247.0,242.33333333333334,294.0
2006,PA,Caju,,,,
2006,PA,Castanha de caju,2365,1480.0,591.05000000000007,1184.0
2006,PB,Caju,,,,
2006,PB,Castanha de caju,8021,2938.0,425.860294117647,2905.0
2006,PE,Caju,,,,
2006,PE,Castanha de caju,6533,5127.0,635.085106382979,4934.0
2006,PI,Caju,,,,
2006,PI,Castanha de caju,159389,41853.0,259.86764705882354,39606.0
2006,PR,Caju,,,,
2006,PR,Castanha de caju,,,,
2006,RJ,Caju,,,,
2006,RJ,Castanha de caju,,,,
2006,RN,Caju,,,,
2006,RN,Castanha de caju,114734,47862.0,393.81012658227849,52432.0
2006,RO,Caju,,,,
2006,RO,Castanha de caju,,,,
2006,RR,Caju,,,,
2006,RR,Castanha de caju,,,,
2006,RS,Caju,,,,
2006,RS,Castanha de caju,,,,
2006,SC,Caju,,,,
2006,SC,Castanha de caju,,,,
2006,SE,Caju,,,,
2006,SE,Castanha de caju,,,,
2006,SP,Caju,,,,
2006,SP,Castanha de caju,,,,
2006,TO,Caju,,,,
2006,TO,Castanha de caju,567,525.0,1152.5,484.0
2005,AC,Caju,,,,
2005,AC,Castanha de caju,,,,
2005,AL,Caju,,,,
2005,AL,Castanha de caju,270,112.0,527.6,109.0
2005,AM,Caju,,,,
2005,AM,Castanha de caju,,,,
2005,AP,Caju,,,,
2005,AP,Castanha de caju,,,,
2005,BA,Caju,,,,
2005,BA,Castanha de caju,20491,5529.0,316.65957446808517,5378.0
2005,CE,Caju,,,,
2005,CE,Castanha de caju,368911,66090.0,249.50289017341041,69137.0
2005,DF,Caju,,,,
2005,DF,Castanha de caju,,,,
2005,ES,Caju,,,,
2005,ES,Castanha de caju,,,,
2005,GO,Caju,,,,
2005,GO,Castanha de caju,,,,
2005,MA,Caju,,,,
2005,MA,Castanha de caju,15783,5031.0,353.03603603603608,3754.0
2005,MG,Caju,,,,
2005,MG,Castanha de caju,,,,
2005,MS,Caju,,,,
2005,MS,Castanha de caju,,,,
2005,MT,Caju,,,,
2005,MT,Castanha de caju,526,273.0,498.0,294.0
2005,PA,Caju,,,,
2005,PA,Castanha de caju,2302,1405.0,607.85714285714278,1101.0
2005,PB,Caju,,,,
2005,PB,Castanha de caju,7900,2854.0,393.42424242424249,2859.0
2005,PE,Caju,,,,
2005,PE,Castanha de caju,6803,4891.0,583.07843137254918,4476.0
2005,PI,Caju,,,,
2005,PI,Castanha de caju,161598,24497.0,190.33838383838378,25248.0
2005,PR,Caju,,,,
2005,PR,Castanha de caju,,,,
2005,RJ,Caju,,,,
2005,RJ,Castanha de caju,,,,
2005,RN,Caju,,,,
2005,RN,Castanha de caju,115384,41675.0,332.87417218543021,49895.0
2005,RO,Caju,,,,
2005,RO,Castanha de caju,,,,
2005,RR,Caju,,,,
2005,RR,Castanha de caju,,,,
2005,RS,Caju,,,,
2005,RS,Castanha de caju,,,,
2005,SC,Caju,,,,
2005,SC,Castanha de caju,,,,
2005,SE,Caju,,,,
2005,SE,Castanha de caju,,,,
2005,SP,Caju,,,,
2005,SP,Castanha de caju,,,,
2005,TO,Caju,,,,
2005,TO,Castanha de caju,399,394.0,1297.1428571428571,376.0
2004,AC,Caju,,,,
2004,AC,Castanha de caju,,,,
2004,AL,Caju,,,,
2004,AL,Castanha de caju,1139,314.0,325.0,311.0
2004,AM,Caju,,,,
2004,AM,Castanha de caju,,,,
2004,AP,Caju,,,,
2004,AP,Castanha de caju,,,,
2004,BA,Caju,,,,
2004,BA,Castanha de caju,19640,5493.0,354.79545454545456,5400.0
2004,CE,Caju,,,,
2004,CE,Castanha de caju,366583,86576.0,300.17341040462418,115819.0
2004,DF,Caju,,,,
2004,DF,Castanha de caju,,,,
2004,ES,Caju,,,,
2004,ES,Castanha de caju,,,,
2004,GO,Caju,,,,
2004,GO,Castanha de caju,,,,
2004,MA,Caju,,,,
2004,MA,Castanha de caju,13877,4692.0,391.28846153846155,3097.0
2004,MG,Caju,,,,
2004,MG,Castanha de caju,,,,
2004,MS,Caju,,,,
2004,MS,Castanha de caju,,,,
2004,MT,Caju,,,,
2004,MT,Castanha de caju,344,72.0,244.83333333333331,71.0
2004,PA,Caju,,,,
2004,PA,Castanha de caju,2245,1379.0,578.05,1029.0
2004,PB,Caju,,,,
2004,PB,Castanha de caju,7956,2866.0,393.94696969696975,2674.0
2004,PE,Caju,,,,
2004,PE,Castanha de caju,5654,3289.0,537.91304347826087,2698.0
2004,PI,Caju,,,,
2004,PI,Castanha de caju,157182,44130.0,287.41116751269021,45534.0
2004,PR,Caju,,,,
2004,PR,Castanha de caju,,,,
2004,RJ,Caju,,,,
2004,RJ,Castanha de caju,,,,
2004,RN,Caju,,,,
2004,RN,Castanha de caju,116269,38898.0,337.138364779874,45364.0
2004,RO,Caju,,,,
2004,RO,Castanha de caju,,,,
2004,RR,Caju,,,,
2004,RR,Castanha de caju,,,,
2004,RS,Caju,,,,
2004,RS,Castanha de caju,,,,
2004,SC,Caju,,,,
2004,SC,Castanha de caju,,,,
2004,SE,Caju,,,,
2004,SE,Castanha de caju,,,,
2004,SP,Caju,,,,
2004,SP,Castanha de caju,,,,
2004,TO,Caju,,,,
2004,TO,Castanha de caju,170,130.0,1300.0,80.0
2003,AC,Caju,,,,
2003,AC,Castanha de caju,,,,
2003,AL,Caju,,,,
2003,AL,Castanha de caju,234,62.0,488.4,55.0
2003,AM,Caju,,,,
2003,AM,Castanha de caju,29,31.0,858.25,6.0
2003,AP,Caju,,,,
2003,AP,Castanha de caju,,,,
2003,BA,Caju,,,,
2003,BA,Castanha de caju,19544,5444.0,350.90476190476193,4596.0
2003,CE,Caju,,,,
2003,CE,Castanha de caju,364601,108051.0,335.21965317919086,107221.0
2003,DF,Caju,,,,
2003,DF,Castanha de caju,,,,
2003,ES,Caju,,,,
2003,ES,Castanha de caju,,,,
2003,GO,Caju,,,,
2003,GO,Castanha de caju,,,,
2003,MA,Caju,,,,
2003,MA,Castanha de caju,13362,4706.0,385.61224489795927,2931.0
2003,MG,Caju,,,,
2003,MG,Castanha de caju,,,,
2003,MS,Caju,,,,
2003,MS,Castanha de caju,,,,
2003,MT,Caju,,,,
2003,MT,Castanha de caju,879,170.0,372.5,170.0
2003,PA,Caju,,,,
2003,PA,Castanha de caju,2082,2843.0,976.16666666666663,1625.0
2003,PB,Caju,,,,
2003,PB,Castanha de caju,7609,3017.0,531.23846153846125,2531.0
2003,PE,Caju,,,,
2003,PE,Castanha de caju,5463,2825.0,498.1395348837209,2206.0
2003,PI,Caju,,,,
2003,PI,Castanha de caju,154717,26662.0,232.26288659793809,24807.0
2003,PR,Caju,,,,
2003,PR,Castanha de caju,,,,
2003,RJ,Caju,,,,
2003,RJ,Castanha de caju,,,,
2003,RN,Caju,,,,
2003,RN,Castanha de caju,113823,29089.0,306.63694267515928,27559.0
2003,RO,Caju,,,,
2003,RO,Castanha de caju,,,,
2003,RR,Caju,,,,
2003,RR,Castanha de caju,,,,
2003,RS,Caju,,,,
2003,RS,Castanha de caju,,,,
2003,SC,Caju,,,,
2003,SC,Castanha de caju,,,,
2003,SE,Caju,,,,
2003,SE,Castanha de caju,,,,
2003,SP,Caju,,,,
2003,SP,Castanha de caju,,,,
2003,TO,Caju,,,,
2003,TO,Castanha de caju,160,194.0,1300.0,167.0
2002,AC,Caju,,,,
2002,AC,Castanha de caju,,,,
2002,AL,Caju,,,,
2002,AL,Castanha de caju,424,88.0,258.0,86.0
2002,AM,Caju,,,,
2002,AM,Castanha de caju,29,30.0,886.6,5.0
2002,AP,Caju,,,,
2002,AP,Castanha de caju,,,,
2002,BA,Caju,,,,
2002,BA,Castanha de caju,19225,5445.0,410.29999999999995,4407.0
2002,CE,Caju,,,,
2002,CE,Castanha de caju,362226,102431.0,319.43930635838177,103088.0
2002,DF,Caju,,,,
2002,DF,Castanha de caju,,,,
2002,ES,Caju,,,,
2002,ES,Castanha de caju,30,54.0,1800.0,46.0
2002,GO,Caju,,,,
2002,GO,Castanha de caju,,,,
2002,MA,Caju,,,,
2002,MA,Castanha de caju,13115,4050.0,367.72916666666663,2303.0
2002,MG,Caju,,,,
2002,MG,Castanha de caju,,,,
2002,MS,Caju,,,,
2002,MS,Castanha de caju,,,,
2002,MT,Caju,,,,
2002,MT,Castanha de caju,,,,
2002,PA,Caju,,,,
2002,PA,Castanha de caju,2110,2945.0,1233.9999999999998,1919.0
2002,PB,Caju,,,,
2002,PB,Castanha de caju,7515,2793.0,434.35658914728663,2236.0
2002,PE,Caju,,,,
2002,PE,Castanha de caju,6232,3554.0,624.75609756097549,2284.0
2002,PI,Caju,,,,
2002,PI,Castanha de caju,141716,16817.0,180.5405405405406,12408.0
2002,PR,Caju,,,,
2002,PR,Castanha de caju,,,,
2002,RJ,Caju,,,,
2002,RJ,Castanha de caju,,,,
2002,RN,Caju,,,,
2002,RN,Castanha de caju,112302,26278.0,302.17197452229294,20673.0
2002,RO,Caju,,,,
2002,RO,Castanha de caju,,,,
2002,RR,Caju,,,,
2002,RR,Castanha de caju,,,,
2002,RS,Caju,,,,
2002,RS,Castanha de caju,,,,
2002,SC,Caju,,,,
2002,SC,Castanha de caju,,,,
2002,SE,Caju,,,,
2002,SE,Castanha de caju,,,,
2002,SP,Caju,,,,
2002,SP,Castanha de caju,,,,
2002,TO,Caju,,,,
2002,TO,Castanha de caju,90,54.0,600.0,14.0
2001,AC,Caju,,,,
2001,AC,Castanha de caju,,,,
2001,AL,Caju,,,,
2001,AL,Castanha de caju,368,155.0,656.5,162.0
2001,AM,Caju,,,,
2001,AM,Castanha de caju,29,30.0,886.6,5.0
2001,AP,Caju,,,,
2001,AP,Castanha de caju,,,,
2001,BA,Caju,,,,
2001,BA,Castanha de caju,19849,5068.0,364.97222222222223,3467.0
2001,CE,Caju,,,,
2001,CE,Castanha de caju,342550,67935.0,253.55813953488382,44190.0
2001,DF,Caju,,,,
2001,DF,Castanha de caju,,,,
2001,ES,Caju,,,,
2001,ES,Castanha de caju,20,36.0,1800.0,35.0
2001,GO,Caju,,,,
2001,GO,Castanha de caju,,,,
2001,MA,Caju,,,,
2001,MA,Castanha de caju,13054,4633.0,356.51578947368409,2733.0
2001,MG,Caju,,,,
2001,MG,Castanha de caju,,,,
2001,MS,Caju,,,,
2001,MS,Castanha de caju,,,,
2001,MT,Caju,,,,
2001,MT,Castanha de caju,,,,
2001,PA,Caju,,,,
2001,PA,Castanha de caju,1910,2877.0,1101.5555555555554,1497.0
2001,PB,Caju,,,,
2001,PB,Castanha de caju,7703,4338.0,596.5846153846154,2741.0
2001,PE,Caju,,,,
2001,PE,Castanha de caju,6274,3212.0,549.09999999999991,1693.0
2001,PI,Caju,,,,
2001,PI,Castanha de caju,147677,18850.0,181.15934065934061,11760.0
2001,PR,Caju,,,,
2001,PR,Castanha de caju,,,,
2001,RJ,Caju,,,,
2001,RJ,Castanha de caju,,,,
2001,RN,Caju,,,,
2001,RN,Castanha de caju,98982,16855.0,239.32692307692312,11631.0
2001,RO,Caju,,,,
2001,RO,Castanha de caju,,,,
2001,RR,Caju,,,,
2001,RR,Castanha de caju,,,,
2001,RS,Caju,,,,
2001,RS,Castanha de caju,,,,
2001,SC,Caju,,,,
2001,SC,Castanha de caju,,,,
2001,SE,Caju,,,,
2001,SE,Castanha de caju,,,,
2001,SP,Caju,,,,
2001,SP,Castanha de caju,,,,
2001,TO,Caju,,,,
2001,TO,Castanha de caju,140,84.0,600.0,21.0
2000,AC,Caju,,,,
2000,AC,Castanha de caju,,,,
2000,AL,Caju,,,,
2000,AL,Castanha de caju,277,78.0,281.0,94.0
2000,AM,Caju,,,,
2000,AM,Castanha de caju,30,10.0,482.8,1.0
2000,AP,Caju,,,,
2000,AP,Castanha de caju,,,,
2000,BA,Caju,,,,
2000,BA,Castanha de caju,19154,4884.0,347.33333333333337,3738.0
2000,CE,Caju,,,,
2000,CE,Castanha de caju,347152,47737.0,236.95953757225439,37110.0
2000,DF,Caju,,,,
2000,DF,Castanha de caju,,,,
2000,ES,Caju,,,,
2000,ES,Castanha de caju,20,36.0,1800.0,29.0
2000,GO,Caju,,,,
2000,GO,Castanha de caju,,,,
2000,MA,Caju,,,,
2000,MA,Castanha de caju,12248,4695.0,356.78160919540232,2673.0
2000,MG,Caju,,,,
2000,MG,Castanha de caju,,,,
2000,MS,Caju,,,,
2000,MS,Castanha de caju,,,,
2000,MT,Caju,,,,
2000,MT,Castanha de caju,,,,
2000,PA,Caju,,,,
2000,PA,Castanha de caju,1343,1965.0,1159.2352941176473,1090.0
2000,PB,Caju,,,,
2000,PB,Castanha de caju,7291,5609.0,927.20353982300924,3702.0
2000,PE,Caju,,,,
2000,PE,Castanha de caju,7210,3376.0,644.28571428571433,2007.0
2000,PI,Caju,,,,
2000,PI,Castanha de caju,143607,33395.0,247.51351351351366,26311.0
2000,PR,Caju,,,,
2000,PR,Castanha de caju,,,,
2000,RJ,Caju,,,,
2000,RJ,Castanha de caju,,,,
2000,RN,Caju,,,,
2000,RN,Castanha de caju,106885,30546.0,332.409090909091,21551.0
2000,RO,Caju,,,,
2000,RO,Castanha de caju,5812,6193.0,1080.0,7369.0
2000,RR,Caju,,,,
2000,RR,Castanha de caju,,,,
2000,RS,Caju,,,,
2000,RS,Castanha de caju,,,,
2000,SC,Caju,,,,
2000,SC,Castanha de caju,,,,
2000,SE,Caju,,,,
2000,SE,Castanha de caju,,,,
2000,SP,Caju,,,,
2000,SP,Castanha de caju,,,,
2000,TO,Caju,,,,
2000,TO,Castanha de caju,140,84.0,600.0,21.0
1999,AC,Caju,,,,
1999,AC,Castanha de caju,,,,
1999,AL,Caju,,,,
1999,AL,Castanha de caju,277,84.0,303.0,67.0
1999,AM,Caju,,,,
1999,AM,Castanha de caju,30,10.0,482.8,1.0
1999,AP,Caju,,,,
1999,AP,Castanha de caju,,,,
1999,BA,Caju,,,,
1999,BA,Castanha de caju,15546,3304.0,351.12121212121218,2683.0
1999,CE,Caju,,,,
1999,CE,Castanha de caju,320918,77113.0,282.85632183908052,65710.0
1999,DF,Caju,,,,
1999,DF,Castanha de caju,,,,
1999,ES,Caju,,,,
1999,ES,Castanha de caju,20,36.0,1800.0,28.0
1999,GO,Caju,,,,
1999,GO,Castanha de caju,,,,
1999,MA,Caju,,,,
1999,MA,Castanha de caju,10129,3954.0,366.22340425531934,1876.0
1999,MG,Caju,,,,
1999,MG,Castanha de caju,,,,
1999,MS,Caju,,,,
1999,MS,Castanha de caju,,,,
1999,MT,Caju,,,,
1999,MT,Castanha de caju,,,,
1999,PA,Caju,,,,
1999,PA,Castanha de caju,1186,1747.0,1171.4375,1000.0
1999,PB,Caju,,,,
1999,PB,Castanha de caju,7284,5009.0,831.81415929203547,3261.0
1999,PE,Caju,,,,
1999,PE,Castanha de caju,7959,3944.0,650.88461538461536,2504.0
1999,PI,Caju,,,,
1999,PI,Castanha de caju,142266,32224.0,275.14285714285711,27550.0
1999,PR,Caju,,,,
1999,PR,Castanha de caju,,,,
1999,RJ,Caju,,,,
1999,RJ,Castanha de caju,,,,
1999,RN,Caju,,,,
1999,RN,Castanha de caju,106930,17898.0,253.0457516339869,14932.0
1999,RO,Caju,,,,
1999,RO,Castanha de caju,,,,
1999,RR,Caju,,,,
1999,RR,Castanha de caju,,,,
1999,RS,Caju,,,,
1999,RS,Castanha de caju,,,,
1999,SC,Caju,,,,
1999,SC,Castanha de caju,,,,
1999,SE,Caju,,,,
1999,SE,Castanha de caju,,,,
1999,SP,Caju,,,,
1999,SP,Castanha de caju,,,,
1999,TO,Caju,,,,
1999,TO,Castanha de caju,190,114.0,600.0,30.0
1998,AC,Caju,,,,
1998,AC,Castanha de caju,,,,
1998,AL,Caju,,,,
1998,AL,Castanha de caju,277,88.0,317.0,53.0
1998,AM,Caju,,,,
1998,AM,Castanha de caju,28,9.0,472.8,1.0
1998,AP,Caju,,,,
1998,AP,Castanha de caju,,,,
1998,BA,Caju,,,,
1998,BA,Castanha de caju,18845,3718.0,319.3030303030302,2370.0
1998,CE,Caju,,,,
1998,CE,Castanha de caju,326086,13657.0,89.063694267515942,8130.0
1998,DF,Caju,,,,
1998,DF,Castanha de caju,,,,
1998,ES,Caju,,,,
1998,ES,Castanha de caju,20,3.0,150.0,2.0
1998,GO,Caju,,,,
1998,GO,Castanha de caju,,,,
1998,MA,Caju,,,,
1998,MA,Castanha de caju,10011,3750.0,336.42105263157885,1367.0
1998,MG,Caju,,,,
1998,MG,Castanha de caju,,,,
1998,MS,Caju,,,,
1998,MS,Castanha de caju,,,,
1998,MT,Caju,,,,
1998,MT,Castanha de caju,,,,
1998,PA,Caju,,,,
1998,PA,Castanha de caju,1052,1594.0,1114.0666666666668,555.0
1998,PB,Caju,,,,
1998,PB,Castanha de caju,8543,5392.0,715.15748031496059,2242.0
1998,PE,Caju,,,,
1998,PE,Castanha de caju,8190,3574.0,674.15686274509824,1340.0
1998,PI,Caju,,,,
1998,PI,Castanha de caju,130766,6131.0,92.863095238095255,2652.0
1998,PR,Caju,,,,
1998,PR,Castanha de caju,,,,
1998,RJ,Caju,,,,
1998,RJ,Castanha de caju,,,,
1998,RN,Caju,,,,
1998,RN,Castanha de caju,117517,16144.0,223.74509803921566,7221.0
1998,RO,Caju,,,,
1998,RO,Castanha de caju,,,,
1998,RR,Caju,,,,
1998,RR,Castanha de caju,,,,
1998,RS,Caju,,,,
1998,RS,Castanha de caju,,,,
1998,SC,Caju,,,,
1998,SC,Castanha de caju,,,,
1998,SE,Caju,,,,
1998,SE,Castanha de caju,,,,
1998,SP,Caju,,,,
1998,SP,Castanha de caju,,,,
1998,TO,Caju,,,,
1998,TO,Castanha de caju,140,84.0,600.0,21.0
1997,AC,Caju,,,,
1997,AC,Castanha de caju,,,,
1997,AL,Caju,,,,
1997,AL,Castanha de caju,277,88.0,317.0,40.0
1997,AM,Caju,,,,
1997,AM,Castanha de caju,28,9.0,472.8,1.0
1997,AP,Caju,,,,
1997,AP,Castanha de caju,,,,
1997,BA,Caju,,,,
1997,BA,Castanha de caju,18524,3621.0,322.27272727272725,1518.0
1997,CE,Caju,,,,
1997,CE,Castanha de caju,317140,48464.0,235.01818181818174,21248.0
1997,DF,Caju,,,,
1997,DF,Castanha de caju,,,,
1997,ES,Caju,,,,
1997,ES,Castanha de caju,,,,
1997,GO,Caju,,,,
1997,GO,Castanha de caju,,,,
1997,MA,Caju,,,,
1997,MA,Castanha de caju,10723,4032.0,353.1368421052631,1250.0
1997,MG,Caju,,,,
1997,MG,Castanha de caju,,,,
1997,MS,Caju,,,,
1997,MS,Castanha de caju,,,,
1997,MT,Caju,,,,
1997,MT,Castanha de caju,,,,
1997,PA,Caju,,,,
1997,PA,Castanha de caju,865,1349.0,1091.7692307692309,287.0
1997,PB,Caju,,,,
1997,PB,Castanha de caju,8455,6004.0,918.67441860465124,2254.0
1997,PE,Caju,,,,
1997,PE,Castanha de caju,10273,5593.0,772.952380952381,2212.0
1997,PI,Caju,,,,
1997,PI,Castanha de caju,99130,22145.0,250.89071038251376,6314.0
1997,PR,Caju,,,,
1997,PR,Castanha de caju,,,,
1997,RJ,Caju,,,,
1997,RJ,Castanha de caju,,,,
1997,RN,Caju,,,,
1997,RN,Castanha de caju,116695,33892.0,358.02721088435356,13045.0
1997,RO,Caju,,,,
1997,RO,Castanha de caju,,,,
1997,RR,Caju,,,,
1997,RR,Castanha de caju,,,,
1997,RS,Caju,,,,
1997,RS,Castanha de caju,,,,
1997,SC,Caju,,,,
1997,SC,Castanha de caju,,,,
1997,SE,Caju,,,,
1997,SE,Castanha de caju,,,,
1997,SP,Caju,,,,
1997,SP,Castanha de caju,,,,
1997,TO,Caju,,,,
1997,TO,Castanha de caju,100,200.0,2000.0,46.0
1996,AC,Caju,,,,
1996,AC,Castanha de caju,,,,
1996,AL,Caju,,,,
1996,AL,Castanha de caju,,,,
1996,AM,Caju,,,,
1996,AM,Castanha de caju,28,9.0,472.8,1.0
1996,AP,Caju,,,,
1996,AP,Castanha de caju,,,,
1996,BA,Caju,,,,
1996,BA,Castanha de caju,18263,4004.0,336.87499999999989,1295.0
1996,CE,Caju,,,,
1996,CE,Castanha de caju,299240,83047.0,345.37724550898196,33501.0
1996,DF,Caju,,,,
1996,DF,Castanha de caju,,,,
1996,ES,Caju,,,,
1996,ES,Castanha de caju,,,,
1996,GO,Caju,,,,
1996,GO,Castanha de caju,,,,
1996,MA,Caju,,,,
1996,MA,Castanha de caju,11437,4046.0,333.12244897959192,1534.0
1996,MG,Caju,,,,
1996,MG,Castanha de caju,610,580.0,950.0,432.0
1996,MS,Caju,,,,
1996,MS,Castanha de caju,,,,
1996,MT,Caju,,,,
1996,MT,Castanha de caju,,,,
1996,PA,Caju,,,,
1996,PA,Castanha de caju,102,157.0,1030.0,50.0
1996,PB,Caju,,,,
1996,PB,Castanha de caju,8636,5692.0,940.77777777777794,1959.0
1996,PE,Caju,,,,
1996,PE,Castanha de caju,6820,4829.0,863.60606060606051,1548.0
1996,PI,Caju,,,,
1996,PI,Castanha de caju,92067,24653.0,347.13432835820873,8241.0
1996,PR,Caju,,,,
1996,PR,Castanha de caju,,,,
1996,RJ,Caju,,,,
1996,RJ,Castanha de caju,,,,
1996,RN,Caju,,,,
1996,RN,Castanha de caju,110454,40174.0,458.68345323741005,14933.0
1996,RO,Caju,,,,
1996,RO,Castanha de caju,17,8.0,483.0,6.0
1996,RR,Caju,,,,
1996,RR,Castanha de caju,,,,
1996,RS,Caju,,,,
1996,RS,Castanha de caju,,,,
1996,SC,Caju,,,,
1996,SC,Castanha de caju,,,,
1996,SE,Caju,,,,
1996,SE,Castanha de caju,,,,
1996,SP,Caju,,,,
1996,SP,Castanha de caju,,,,
1996,TO,Caju,,,,
1996,TO,Castanha de caju,46,12.0,260.0,6.0
1995,AC,Caju,,,,
1995,AC,Castanha de caju,,,,
1995,AL,Caju,,,,
1995,AL,Castanha de caju,,,,
1995,AM,Caju,,,,
1995,AM,Castanha de caju,,,,
1995,AP,Caju,,,,
1995,AP,Castanha de caju,,,,
1995,BA,Caju,,,,
1995,BA,Castanha de caju,14265,3191.0,306.44827586206895,992.0
1995,CE,Caju,,,,
1995,CE,Castanha de caju,332882,80896.0,290.08227848101274,30288.0
1995,DF,Caju,,,,
1995,DF,Castanha de caju,,,,
1995,ES,Caju,,,,
1995,ES,Castanha de caju,,,,
1995,GO,Caju,,,,
1995,GO,Castanha de caju,,,,
1995,MA,Caju,,,,
1995,MA,Castanha de caju,21751,5753.0,259.69696969696963,2235.0
1995,MG,Caju,,,,
1995,MG,Castanha de caju,,,,
1995,MS,Caju,,,,
1995,MS,Castanha de caju,,,,
1995,MT,Caju,,,,
1995,MT,Castanha de caju,,,,
1995,PA,Caju,,,,
1995,PA,Castanha de caju,112,173.0,1031.5,52.0
1995,PB,Caju,,,,
1995,PB,Castanha de caju,8631,8319.0,913.967032967033,2815.0
1995,PE,Caju,,,,
1995,PE,Castanha de caju,7455,3478.0,808.53488372093011,1066.0
1995,PI,Caju,,,,
1995,PI,Castanha de caju,201324,47207.0,272.56153846153842,15601.0
1995,PR,Caju,,,,
1995,PR,Castanha de caju,,,,
1995,RJ,Caju,,,,
1995,RJ,Castanha de caju,,,,
1995,RN,Caju,,,,
1995,RN,Castanha de caju,113293,36053.0,442.66176470588255,13157.0
1995,RO,Caju,,,,
1995,RO,Castanha de caju,143,71.0,496.0,50.0
1995,RR,Caju,,,,
1995,RR,Castanha de caju,,,,
1995,RS,Caju,,,,
1995,RS,Castanha de caju,,,,
1995,SC,Caju,,,,
1995,SC,Castanha de caju,,,,
1995,SE,Caju,,,,
1995,SE,Castanha de caju,,,,
1995,SP,Caju,,,,
1995,SP,Castanha de caju,,,,
1995,TO,Caju,,,,
1995,TO,Castanha de caju,80,88.0,1100.0,13.0
1994,AC,Caju,,,,
1994,AC,Castanha de caju,,,,
1994,AL,Caju,,,,
1994,AL,Castanha de caju,,,,
1994,AM,Caju,,,,
1994,AM,Castanha de caju,,,,
1994,AP,Caju,,,,
1994,AP,Castanha de caju,,,,
1994,BA,Caju,,,,
1994,BA,Castanha de caju,15384,5693.0,471.95652173913044,1958.0
1994,CE,Caju,,,,
1994,CE,Castanha de caju,327090,68185.0,260.93670886075967,27577.0
1994,DF,Caju,,,,
1994,DF,Castanha de caju,,,,
1994,ES,Caju,,,,
1994,ES,Castanha de caju,,,,
1994,GO,Caju,,,,
1994,GO,Castanha de caju,,,,
1994,MA,Caju,,,,
1994,MA,Castanha de caju,21461,6147.0,245.06451612903223,1902.0
1994,MG,Caju,,,,
1994,MG,Castanha de caju,,,,
1994,MS,Caju,,,,
1994,MS,Castanha de caju,,,,
1994,MT,Caju,,,,
1994,MT,Castanha de caju,,,,
1994,PA,Caju,,,,
1994,PA,Castanha de caju,2,1.0,500.0,0.0
1994,PB,Caju,,,,
1994,PB,Castanha de caju,9342,6805.0,1312.5512820512822,2500.0
1994,PE,Caju,,,,
1994,PE,Castanha de caju,6708,4834.0,810.2558139534882,1360.0
1994,PI,Caju,,,,
1994,PI,Castanha de caju,191109,32780.0,225.203125,11893.0
1994,PR,Caju,,,,
1994,PR,Castanha de caju,,,,
1994,RJ,Caju,,,,
1994,RJ,Castanha de caju,,,,
1994,RN,Caju,,,,
1994,RN,Castanha de caju,109376,25288.0,398.84328358208938,9613.0
1994,RO,Caju,,,,
1994,RO,Castanha de caju,143,71.0,496.0,32.0
1994,RR,Caju,,,,
1994,RR,Castanha de caju,,,,
1994,RS,Caju,,,,
1994,RS,Castanha de caju,,,,
1994,SC,Caju,,,,
1994,SC,Castanha de caju,,,,
1994,SE,Caju,,,,
1994,SE,Castanha de caju,,,,
1994,SP,Caju,,,,
1994,SP,Castanha de caju,,,,
1994,TO,Caju,,,,
1994,TO,Castanha de caju,,,,
1993,AC,Caju,,,,
1993,AC,Castanha de caju,,,,
1993,AL,Caju,,,,
1993,AL,Castanha de caju,,,,
1993,AM,Caju,,,,
1993,AM,Castanha de caju,,,,
1993,AP,Caju,,,,
1993,AP,Castanha de caju,,,,
1993,BA,Caju,,,,
1993,BA,Castanha de caju,6777,5317.0,1370.0,68.005900000000011
1993,CE,Caju,,,,
1993,CE,Castanha de caju,327472,22427.0,97.83552631578948,874.68339999999966
1993,DF,Caju,,,,
1993,DF,Castanha de caju,,,,
1993,ES,Caju,,,,
1993,ES,Castanha de caju,,,,
1993,GO,Caju,,,,
1993,GO,Castanha de caju,,,,
1993,MA,Caju,,,,
1993,MA,Castanha de caju,20650,6493.0,269.37931034482767,67.7919
1993,MG,Caju,,,,
1993,MG,Castanha de caju,,,,
1993,MS,Caju,,,,
1993,MS,Castanha de caju,,,,
1993,MT,Caju,,,,
1993,MT,Castanha de caju,,,,
1993,PA,Caju,,,,
1993,PA,Castanha de caju,3,2.0,666.0,0.0262
1993,PB,Caju,,,,
1993,PB,Castanha de caju,3066,603.0,218.05454545454549,16.854699999999998
1993,PE,Caju,,,,
1993,PE,Castanha de caju,6264,2234.0,863.53658536585374,65.8501
1993,PI,Caju,,,,
1993,PI,Castanha de caju,233106,29941.0,170.655737704918,805.87200000000007
1993,PR,Caju,,,,
1993,PR,Castanha de caju,,,,
1993,RJ,Caju,,,,
1993,RJ,Castanha de caju,,,,
1993,RN,Caju,,,,
1993,RN,Castanha de caju,128724,10053.0,152.57943925233647,136.76689999999994
1993,RO,Caju,,,,
1993,RO,Castanha de caju,,,,
1993,RR,Caju,,,,
1993,RR,Castanha de caju,,,,
1993,RS,Caju,,,,
1993,RS,Castanha de caju,,,,
1993,SC,Caju,,,,
1993,SC,Castanha de caju,,,,
1993,SE,Caju,,,,
1993,SE,Castanha de caju,78,28.0,358.0,0.5775
1993,SP,Caju,,,,
1993,SP,Castanha de caju,,,,
1993,TO,Caju,,,,
1993,TO,Castanha de caju,,,,
1992,AC,Caju,,,,
1992,AC,Castanha de caju,,,,
1992,AL,Caju,,,,
1992,AL,Castanha de caju,6,1.0,166.0,0.0009
1992,AM,Caju,,,,
1992,AM,Castanha de caju,,,,
1992,AP,Caju,,,,
1992,AP,Castanha de caju,,,,
1992,BA,Caju,,,,
1992,BA,Castanha de caju,1763,777.0,1156.166666666667,0.3926
1992,CE,Caju,,,,
1992,CE,Castanha de caju,324065,45160.0,223.4407894736843,58.50010000000001
1992,DF,Caju,,,,
1992,DF,Castanha de caju,,,,
1992,ES,Caju,,,,
1992,ES,Castanha de caju,,,,
1992,GO,Caju,,,,
1992,GO,Castanha de caju,,,,
1992,MA,Caju,,,,
1992,MA,Castanha de caju,18499,4576.0,245.96428571428572,3.5551
1992,MG,Caju,,,,
1992,MG,Castanha de caju,,,,
1992,MS,Caju,,,,
1992,MS,Castanha de caju,,,,
1992,MT,Caju,,,,
1992,MT,Castanha de caju,,,,
1992,PA,Caju,,,,
1992,PA,Castanha de caju,24,21.0,825.0,0.0043
1992,PB,Caju,,,,
1992,PB,Castanha de caju,3259,1906.0,422.59677419354836,1.1663999999999992
1992,PE,Caju,,,,
1992,PE,Castanha de caju,6144,3871.0,1137.7435897435898,4.3790000000000004
1992,PI,Caju,,,,
1992,PI,Castanha de caju,213897,25507.0,159.28000000000006,17.7323
1992,PR,Caju,,,,
1992,PR,Castanha de caju,,,,
1992,RJ,Caju,,,,
1992,RJ,Castanha de caju,,,,
1992,RN,Caju,,,,
1992,RN,Castanha de caju,127746,26106.0,334.47014925373122,28.05660000000001
1992,RO,Caju,,,,
1992,RO,Castanha de caju,,,,
1992,RR,Caju,,,,
1992,RR,Castanha de caju,,,,
1992,RS,Caju,,,,
1992,RS,Castanha de caju,,,,
1992,SC,Caju,,,,
1992,SC,Castanha de caju,,,,
1992,SE,Caju,,,,
1992,SE,Castanha de caju,80,30.0,375.0,0.0131
1992,SP,Caju,,,,
1992,SP,Castanha de caju,,,,
1992,TO,Caju,,,,
1992,TO,Castanha de caju,,,,
1991,AC,Caju,,,,
1991,AC,Castanha de caju,,,,
1991,AL,Caju,,,,
1991,AL,Castanha de caju,6,1.0,166.0,0.0001
1991,AM,Caju,,,,
1991,AM,Castanha de caju,,,,
1991,AP,Caju,,,,
1991,AP,Castanha de caju,,,,
1991,BA,Caju,,,,
1991,BA,Castanha de caju,1314,415.0,1211.1111111111111,0.0223
1991,CE,Caju,,,,
1991,CE,Castanha de caju,295719,75888.0,326.40939597315452,5.7428999999999988
1991,DF,Caju,,,,
1991,DF,Castanha de caju,,,,
1991,ES,Caju,,,,
1991,ES,Castanha de caju,,,,
1991,GO,Caju,,,,
1991,GO,Castanha de caju,,,,
1991,MA,Caju,,,,
1991,MA,Castanha de caju,18738,5693.0,291.39285714285705,0.1819
1991,MG,Caju,,,,
1991,MG,Castanha de caju,,,,
1991,MS,Caju,,,,
1991,MS,Castanha de caju,,,,
1991,MT,Caju,,,,
1991,MT,Castanha de caju,,,,
1991,PA,Caju,,,,
1991,PA,Castanha de caju,24,27.0,975.0,0.0007
1991,PB,Caju,,,,
1991,PB,Castanha de caju,3169,1022.0,348.52830188679241,0.084800000000000028
1991,PE,Caju,,,,
1991,PE,Castanha de caju,4634,3491.0,1239.7297297297298,0.3324
1991,PI,Caju,,,,
1991,PI,Castanha de caju,192155,42964.0,283.92079207920807,2.6740999999999997
1991,PR,Caju,,,,
1991,PR,Castanha de caju,,,,
1991,RJ,Caju,,,,
1991,RJ,Castanha de caju,,,,
1991,RN,Caju,,,,
1991,RN,Castanha de caju,128764,56430.0,534.650793650794,4.3177000000000021
1991,RO,Caju,,,,
1991,RO,Castanha de caju,,,,
1991,RR,Caju,,,,
1991,RR,Castanha de caju,,,,
1991,RS,Caju,,,,
1991,RS,Castanha de caju,,,,
1991,SC,Caju,,,,
1991,SC,Castanha de caju,,,,
1991,SE,Caju,,,,
1991,SE,Castanha de caju,85,34.0,400.0,0.0009
1991,SP,Caju,,,,
1991,SP,Castanha de caju,,,,
1991,TO,Caju,,,,
1991,TO,Castanha de caju,,,,
1990,AC,Caju,,,,
1990,AC,Castanha de caju,,,,
1990,AL,Caju,,,,
1990,AL,Castanha de caju,8,1.0,125.0,0.0
1990,AM,Caju,,,,
1990,AM,Castanha de caju,,,,
1990,AP,Caju,,,,
1990,AP,Castanha de caju,,,,
1990,BA,Caju,,,,
1990,BA,Castanha de caju,1092,338.0,842.85714285714289,0.0072
1990,CE,Caju,,,,
1990,CE,Castanha de caju,267151,52224.0,262.32885906040275,0.97759999999999991
1990,DF,Caju,,,,
1990,DF,Castanha de caju,,,,
1990,ES,Caju,,,,
1990,ES,Castanha de caju,,,,
1990,GO,Caju,,,,
1990,GO,Castanha de caju,,,,
1990,MA,Caju,,,,
1990,MA,Castanha de caju,13508,2353.0,207.79999999999995,0.043900000000000015
1990,MG,Caju,,,,
1990,MG,Castanha de caju,,,,
1990,MS,Caju,,,,
1990,MS,Castanha de caju,,,,
1990,MT,Caju,,,,
1990,MT,Castanha de caju,,,,
1990,PA,Caju,,,,
1990,PA,Castanha de caju,24,27.0,975.0,0.0002
1990,PB,Caju,,,,
1990,PB,Castanha de caju,2883,802.0,313.37209302325579,0.014199999999999997
1990,PE,Caju,,,,
1990,PE,Castanha de caju,4621,3777.0,1219.1111111111113,0.07569999999999999
1990,PI,Caju,,,,
1990,PI,Castanha de caju,167905,23897.0,194.8453608247423,0.23669999999999988
1990,PR,Caju,,,,
1990,PR,Castanha de caju,,,,
1990,RJ,Caju,,,,
1990,RJ,Castanha de caju,,,,
1990,RN,Caju,,,,
1990,RN,Castanha de caju,116536,23246.0,337.25806451612908,0.39929999999999993
1990,RO,Caju,,,,
1990,RO,Castanha de caju,,,,
1990,RR,Caju,,,,
1990,RR,Castanha de caju,,,,
1990,RS,Caju,,,,
1990,RS,Castanha de caju,,,,
1990,SC,Caju,,,,
1990,SC,Castanha de caju,,,,
1990,SE,Caju,,,,
1990,SE,Castanha de caju,90,36.0,400.0,0.0001
1990,SP,Caju,,,,
1990,SP,Castanha de caju,,,,
1990,TO,Caju,,,,
1990,TO,Castanha de caju,9000,963.0,107.0,0.0105
1989,AC,Caju,,,,
1989,AC,Castanha de caju,,,,
1989,AL,Caju,,,,
1989,AL,Castanha de caju,6,1.0,167.0,0.0
1989,AM,Caju,,,,
1989,AM,Castanha de caju,,,,
1989,AP,Caju,,,,
1989,AP,Castanha de caju,,,,
1989,BA,Caju,,,,
1989,BA,Castanha de caju,102,118.0,1147.4545454545455,0.0
1989,CE,Caju,,,,
1989,CE,Castanha de caju,263221,58685.0,332.53061224489795,0.022399999999999986
1989,DF,Caju,,,,
1989,DF,Castanha de caju,,,,
1989,ES,Caju,,,,
1989,ES,Castanha de caju,,,,
1989,GO,Caju,,,,
1989,GO,Castanha de caju,,,,
1989,MA,Caju,,,,
1989,MA,Castanha de caju,11987,2433.0,254.39999999999995,0.0004
1989,MG,Caju,,,,
1989,MG,Castanha de caju,,,,
1989,MS,Caju,,,,
1989,MS,Castanha de caju,,,,
1989,MT,Caju,,,,
1989,MT,Castanha de caju,,,,
1989,PA,Caju,,,,
1989,PA,Castanha de caju,24,27.0,975.0,0.0
1989,PB,Caju,,,,
1989,PB,Castanha de caju,2861,846.0,319.79545454545456,0.0026999999999999993
1989,PE,Caju,,,,
1989,PE,Castanha de caju,4154,4453.0,1313.9666666666667,0.0013000000000000002
1989,PI,Caju,,,,
1989,PI,Castanha de caju,159519,30117.0,255.0408163265306,0.0087999999999999988
1989,PR,Caju,,,,
1989,PR,Castanha de caju,,,,
1989,RJ,Caju,,,,
1989,RJ,Castanha de caju,,,,
1989,RN,Caju,,,,
1989,RN,Castanha de caju,91940,47275.0,540.51694915254222,0.027699999999999992
1989,RO,Caju,,,,
1989,RO,Castanha de caju,,,,
1989,RR,Caju,,,,
1989,RR,Castanha de caju,,,,
1989,RS,Caju,,,,
1989,RS,Castanha de caju,,,,
1989,SC,Caju,,,,
1989,SC,Castanha de caju,,,,
1989,SE,Caju,,,,
1989,SE,Castanha de caju,90,36.0,400.0,0.0
1989,SP,Caju,,,,
1989,SP,Castanha de caju,,,,
1989,TO,Caju,,,,
1989,TO,Castanha de caju,,,,
1988,AC,Caju,,,,
1988,AC,Castanha de caju,,,,
1988,AL,Caju,,,,
1988,AL,Castanha de caju,6,1.0,167.0,0.0
1988,AM,Caju,,,,
1988,AM,Castanha de caju,,,,
1988,AP,Caju,,,,
1988,AP,Castanha de caju,,,,
1988,BA,Caju,,,,
1988,BA,Castanha de caju,117,74.0,791.66666666666674,0.0
1988,CE,Caju,,,,
1988,CE,Castanha de caju,261511,65516.0,344.99166666666662,0.0036999999999999993
1988,DF,Caju,,,,
1988,DF,Castanha de caju,,,,
1988,ES,Caju,,,,
1988,ES,Castanha de caju,,,,
1988,GO,Caju,,,,
1988,GO,Castanha de caju,,,,
1988,MA,Caju,,,,
1988,MA,Castanha de caju,10282,2672.0,361.2962962962963,0.0
1988,MG,Caju,,,,
1988,MG,Castanha de caju,,,,
1988,MS,Caju,,,,
1988,MS,Castanha de caju,,,,
1988,MT,Caju,,,,
1988,MT,Castanha de caju,,,,
1988,PA,Caju,,,,
1988,PA,Castanha de caju,33,36.0,975.0,0.0
1988,PB,Caju,,,,
1988,PB,Castanha de caju,697,239.0,375.4,0.0
1988,PE,Caju,,,,
1988,PE,Castanha de caju,1508,2253.0,1153.8000000000002,0.0
1988,PI,Caju,,,,
1988,PI,Castanha de caju,121052,24816.0,328.2659574468085,0.001
1988,PR,Caju,,,,
1988,PR,Castanha de caju,,,,
1988,RJ,Caju,,,,
1988,RJ,Castanha de caju,,,,
1988,RN,Caju,,,,
1988,RN,Castanha de caju,66444,37748.0,612.47663551401865,0.0017000000000000001
1988,RO,Caju,,,,
1988,RO,Castanha de caju,,,,
1988,RR,Caju,,,,
1988,RR,Castanha de caju,,,,
1988,RS,Caju,,,,
1988,RS,Castanha de caju,,,,
1988,SC,Caju,,,,
1988,SC,Castanha de caju,,,,
1988,SE,Caju,,,,
1988,SE,Castanha de caju,,,,
1988,SP,Caju,,,,
1988,SP,Castanha de caju,,,,
1988,TO,Caju,,,,
1988,TO,Castanha de caju,,,,
1987,AC,Caju,7,87.0,18500.0,0.0
1987,AC,Castanha de caju,,,,
1987,AL,Caju,1014,23130.0,27262.533333333329,0.0
1987,AL,Castanha de caju,,,,
1987,AM,Caju,18,392.0,21750.0,0.0
1987,AM,Castanha de caju,,,,
1987,AP,Caju,,,,
1987,AP,Castanha de caju,,,,
1987,BA,Caju,6614,250925.0,41976.336734693861,0.0
1987,BA,Castanha de caju,,,,
1987,CE,Caju,231619,5088705.0,32835.652892561993,0.0008
1987,CE,Castanha de caju,,,,
1987,DF,Caju,,,,
1987,DF,Castanha de caju,,,,
1987,ES,Caju,6,235.0,34166.666666666664,0.0
1987,ES,Castanha de caju,,,,
1987,GO,Caju,,,,
1987,GO,Castanha de caju,,,,
1987,MA,Caju,2323,158324.0,67893.875,0.0
1987,MA,Castanha de caju,,,,
1987,MG,Caju,37,2205.0,48767.857142857145,0.0
1987,MG,Castanha de caju,,,,
1987,MS,Caju,15,1130.0,77642.857142857145,0.0
1987,MS,Castanha de caju,,,,
1987,MT,Caju,,,,
1987,MT,Castanha de caju,,,,
1987,PA,Caju,29,5177.0,109600.33333333334,0.0
1987,PA,Castanha de caju,,,,
1987,PB,Caju,3519,282088.0,68527.027027027012,0.0
1987,PB,Castanha de caju,,,,
1987,PE,Caju,4578,217806.0,38792.9855072464,0.0
1987,PE,Castanha de caju,,,,
1987,PI,Caju,128664,3613135.0,35977.590361445778,0.0004
1987,PI,Castanha de caju,,,,
1987,PR,Caju,,,,
1987,PR,Castanha de caju,,,,
1987,RJ,Caju,583,17725.0,28941.2,0.0
1987,RJ,Castanha de caju,,,,
1987,RN,Caju,59933,767650.0,26473.75,0.0
1987,RN,Castanha de caju,,,,
1987,RO,Caju,3,87.0,29000.0,0.0
1987,RO,Castanha de caju,,,,
1987,RR,Caju,,,,
1987,RR,Castanha de caju,,,,
1987,RS,Caju,,,,
1987,RS,Castanha de caju,,,,
1987,SC,Caju,,,,
1987,SC,Castanha de caju,,,,
1987,SE,Caju,162,7170.0,40000.0,0.0
1987,SE,Castanha de caju,,,,
1987,SP,Caju,12,1500.0,125000.0,0.0
1987,SP,Castanha de caju,,,,
1987,TO,Caju,,,,
1987,TO,Castanha de caju,,,,
1986,AC,Caju,8,98.0,19000.0,0.0
1986,AC,Castanha de caju,,,,
1986,AL,Caju,1048,26893.0,29503.029411764703,0.0
1986,AL,Castanha de caju,,,,
1986,AM,Caju,19,442.0,24250.0,0.0
1986,AM,Castanha de caju,,,,
1986,AP,Caju,,,,
1986,AP,Castanha de caju,,,,
1986,BA,Caju,6305,283966.0,44665.781250000007,0.0
1986,BA,Castanha de caju,,,,
1986,CE,Caju,226180,2717108.0,28368.369369369368,0.0
1986,CE,Castanha de caju,,,,
1986,DF,Caju,,,,
1986,DF,Castanha de caju,,,,
1986,ES,Caju,4,190.0,40000.0,0.0
1986,ES,Castanha de caju,,,,
1986,GO,Caju,,,,
1986,GO,Castanha de caju,,,,
1986,MA,Caju,1749,118720.0,64928.533333333347,0.0
1986,MA,Castanha de caju,,,,
1986,MG,Caju,35,2008.0,48910.714285714283,0.0
1986,MG,Castanha de caju,,,,
1986,MS,Caju,15,1130.0,77642.857142857145,0.0
1986,MS,Castanha de caju,,,,
1986,MT,Caju,20,2740.0,93333.333333333328,0.0
1986,MT,Castanha de caju,,,,
1986,PA,Caju,31,4160.0,85833.333333333328,0.0
1986,PA,Castanha de caju,,,,
1986,PB,Caju,3514,285395.0,79210.04109589041,0.0
1986,PB,Castanha de caju,,,,
1986,PE,Caju,2600,92470.0,31696.875,0.0
1986,PE,Castanha de caju,,,,
1986,PI,Caju,106512,3890232.0,38496.699999999975,0.0002
1986,PI,Castanha de caju,,,,
1986,PR,Caju,,,,
1986,PR,Castanha de caju,,,,
1986,RJ,Caju,584,18758.0,30062.8,0.0
1986,RJ,Castanha de caju,,,,
1986,RN,Caju,57247,749528.0,30191.139240506338,0.0
1986,RN,Castanha de caju,,,,
1986,RO,Caju,,,,
1986,RO,Castanha de caju,,,,
1986,RR,Caju,,,,
1986,RR,Castanha de caju,,,,
1986,RS,Caju,,,,
1986,RS,Castanha de caju,,,,
1986,SC,Caju,,,,
1986,SC,Castanha de caju,,,,
1986,SE,Caju,212,10420.0,42500.0,0.0
1986,SE,Castanha de caju,,,,
1986,SP,Caju,12,1500.0,125000.0,0.0
1986,SP,Castanha de caju,,,,
1986,TO,Caju,,,,
1986,TO,Castanha de caju,,,,
1985,AC,Caju,14,185.0,21583.25,0.0
1985,AC,Castanha de caju,,,,
1985,AL,Caju,1051,30289.0,30667.39393939394,0.0
1985,AL,Castanha de caju,,,,
1985,AM,Caju,23,538.0,24400.0,0.0
1985,AM,Castanha de caju,,,,
1985,AP,Caju,,,,
1985,AP,Castanha de caju,,,,
1985,BA,Caju,6049,270467.0,46766.795180722889,0.0
1985,BA,Castanha de caju,,,,
1985,CE,Caju,216790,7101862.0,46814.522123893788,0.0
1985,CE,Castanha de caju,,,,
1985,DF,Caju,,,,
1985,DF,Castanha de caju,,,,
1985,ES,Caju,4,190.0,40000.0,0.0
1985,ES,Castanha de caju,,,,
1985,GO,Caju,,,,
1985,GO,Castanha de caju,,,,
1985,MA,Caju,1619,138244.0,66719.333333333328,0.0
1985,MA,Castanha de caju,,,,
1985,MG,Caju,37,2004.0,47267.857142857138,0.0
1985,MG,Castanha de caju,,,,
1985,MS,Caju,15,1128.0,77571.428571428565,0.0
1985,MS,Castanha de caju,,,,
1985,MT,Caju,20,2740.0,93333.333333333328,0.0
1985,MT,Castanha de caju,,,,
1985,PA,Caju,12,1600.0,100000.0,0.0
1985,PA,Castanha de caju,,,,
1985,PB,Caju,3191,259750.0,81837.60000000002,0.0
1985,PB,Castanha de caju,,,,
1985,PE,Caju,1762,70794.0,37319.206349206346,0.0
1985,PE,Castanha de caju,,,,
1985,PI,Caju,78996,2745637.0,39123.408450704213,0.0
1985,PI,Castanha de caju,,,,
1985,PR,Caju,,,,
1985,PR,Castanha de caju,,,,
1985,RJ,Caju,568,18981.0,35250.0,0.0
1985,RJ,Castanha de caju,,,,
1985,RN,Caju,54720,757379.0,26694.660377358494,0.0
1985,RN,Castanha de caju,,,,
1985,RO,Caju,,,,
1985,RO,Castanha de caju,,,,
1985,RR,Caju,,,,
1985,RR,Castanha de caju,,,,
1985,RS,Caju,,,,
1985,RS,Castanha de caju,,,,
1985,SC,Caju,,,,
1985,SC,Castanha de caju,,,,
1985,SE,Caju,272,13160.0,42000.0,0.0
1985,SE,Castanha de caju,,,,
1985,SP,Caju,12,1800.0,150000.0,0.0
1985,SP,Castanha de caju,,,,
1985,TO,Caju,,,,
1985,TO,Castanha de caju,,,,
1984,AC,Caju,13,174.0,21500.0,0.0
1984,AC,Castanha de caju,,,,
1984,AL,Caju,1176,33185.0,31292.562499999996,0.0
1984,AL,Castanha de caju,,,,
1984,AM,Caju,23,538.0,25250.0,0.0
1984,AM,Castanha de caju,,,,
1984,AP,Caju,,,,
1984,AP,Castanha de caju,,,,
1984,BA,Caju,5671,230747.0,46004.037037037015,0.0
1984,BA,Castanha de caju,,,,
1984,CE,Caju,218075,8679346.0,38324.69999999999,0.0
1984,CE,Castanha de caju,,,,
1984,DF,Caju,,,,
1984,DF,Castanha de caju,,,,
1984,ES,Caju,4,175.0,37500.0,0.0
1984,ES,Castanha de caju,,,,
1984,GO,Caju,,,,
1984,GO,Castanha de caju,,,,
1984,MA,Caju,1604,134801.0,66341.5,0.0
1984,MA,Castanha de caju,,,,
1984,MG,Caju,35,1941.0,50365.384615384617,0.0
1984,MG,Castanha de caju,,,,
1984,MS,Caju,15,1129.0,77714.28571428571,0.0
1984,MS,Castanha de caju,,,,
1984,MT,Caju,20,2740.0,93333.333333333328,0.0
1984,MT,Castanha de caju,,,,
1984,PA,Caju,52,2630.0,56666.666666666664,0.0
1984,PA,Castanha de caju,,,,
1984,PB,Caju,3509,281773.0,82537.4,0.0
1984,PB,Castanha de caju,,,,
1984,PE,Caju,1782,70118.0,31974.137931034489,0.0
1984,PE,Castanha de caju,,,,
1984,PI,Caju,31795,989058.0,41142.553846153845,0.0
1984,PI,Castanha de caju,,,,
1984,PR,Caju,,,,
1984,PR,Castanha de caju,,,,
1984,RJ,Caju,564,19864.0,36250.0,0.0
1984,RJ,Castanha de caju,,,,
1984,RN,Caju,54639,831933.0,25285.714285714283,0.0
1984,RN,Castanha de caju,,,,
1984,RO,Caju,,,,
1984,RO,Castanha de caju,,,,
1984,RR,Caju,1,8.0,8000.0,0.0
1984,RR,Castanha de caju,,,,
1984,RS,Caju,,,,
1984,RS,Castanha de caju,,,,
1984,SC,Caju,,,,
1984,SC,Castanha de caju,,,,
1984,SE,Caju,312,15420.0,42500.0,0.0
1984,SE,Castanha de caju,,,,
1984,SP,Caju,12,1800.0,150000.0,0.0
1984,SP,Castanha de caju,,,,
1984,TO,Caju,,,,
1984,TO,Castanha de caju,,,,
1983,AC,Caju,13,181.0,22250.0,0.0
1983,AC,Castanha de caju,,,,
1983,AL,Caju,1220,34892.0,31102.580645161284,0.0
1983,AL,Castanha de caju,,,,
1983,AM,Caju,37,915.0,25000.0,0.0
1983,AM,Castanha de caju,,,,
1983,AP,Caju,,,,
1983,AP,Castanha de caju,,,,
1983,BA,Caju,6708,267188.0,40655.255813953474,0.0
1983,BA,Castanha de caju,,,,
1983,CE,Caju,135434,2164923.0,21629.755102040814,0.0
1983,CE,Castanha de caju,,,,
1983,DF,Caju,,,,
1983,DF,Castanha de caju,,,,
1983,ES,Caju,4,42.0,16000.0,0.0
1983,ES,Castanha de caju,,,,
1983,GO,Caju,,,,
1983,GO,Castanha de caju,,,,
1983,MA,Caju,1092,89675.0,58388.666666666664,0.0
1983,MA,Castanha de caju,,,,
1983,MG,Caju,34,1886.0,50442.307692307695,0.0
1983,MG,Castanha de caju,,,,
1983,MS,Caju,15,1098.0,76857.142857142855,0.0
1983,MS,Castanha de caju,,,,
1983,MT,Caju,21,2810.0,93333.333333333328,0.0
1983,MT,Castanha de caju,,,,
1983,PA,Caju,55,2524.0,47333.333333333336,0.0
1983,PA,Castanha de caju,,,,
1983,PB,Caju,2471,206351.0,83320.5507246377,0.0
1983,PB,Castanha de caju,,,,
1983,PE,Caju,2158,72603.0,26885.203389830509,0.0
1983,PE,Castanha de caju,,,,
1983,PI,Caju,27089,317280.0,21059.258620689656,0.0
1983,PI,Castanha de caju,,,,
1983,PR,Caju,,,,
1983,PR,Castanha de caju,,,,
1983,RJ,Caju,555,19060.0,38165.0,0.0
1983,RJ,Castanha de caju,,,,
1983,RN,Caju,54251,340131.0,14988.133333333333,0.0
1983,RN,Castanha de caju,,,,
1983,RO,Caju,,,,
1983,RO,Castanha de caju,,,,
1983,RR,Caju,,,,
1983,RR,Castanha de caju,,,,
1983,RS,Caju,,,,
1983,RS,Castanha de caju,,,,
1983,SC,Caju,,,,
1983,SC,Castanha de caju,,,,
1983,SE,Caju,262,7980.0,35000.0,0.0
1983,SE,Castanha de caju,,,,
1983,SP,Caju,12,1800.0,150000.0,0.0
1983,SP,Castanha de caju,,,,
1983,TO,Caju,,,,
1983,TO,Castanha de caju,,,,
1982,AC,Caju,23,253.0,10977.8,0.0
1982,AC,Castanha de caju,,,,
1982,AL,Caju,1399,43875.0,31866.249999999996,0.0
1982,AL,Castanha de caju,,,,
1982,AM,Caju,35,836.0,24250.0,0.0
1982,AM,Castanha de caju,,,,
1982,AP,Caju,,,,
1982,AP,Castanha de caju,,,,
1982,BA,Caju,6564,270443.0,45597.238636363647,0.0
1982,BA,Castanha de caju,,,,
1982,CE,Caju,137623,6918620.0,50608.05102040818,0.0
1982,CE,Castanha de caju,,,,
1982,DF,Caju,,,,
1982,DF,Castanha de caju,,,,
1982,ES,Caju,4,43.0,15500.0,0.0
1982,ES,Castanha de caju,,,,
1982,GO,Caju,,,,
1982,GO,Castanha de caju,,,,
1982,MA,Caju,1042,101917.0,74716.8,0.0
1982,MA,Castanha de caju,,,,
1982,MG,Caju,33,1809.0,49515.38461538461,0.0
1982,MG,Castanha de caju,,,,
1982,MS,Caju,14,1030.0,77142.857142857145,0.0
1982,MS,Castanha de caju,,,,
1982,MT,Caju,18,1420.0,76666.666666666672,0.0
1982,MT,Castanha de caju,,,,
1982,PA,Caju,65,2830.0,48333.333333333328,0.0
1982,PA,Castanha de caju,,,,
1982,PB,Caju,2535,191375.0,79385.606060606064,0.0
1982,PB,Castanha de caju,,,,
1982,PE,Caju,2329,93907.0,32699.7627118644,0.0
1982,PE,Castanha de caju,,,,
1982,PI,Caju,28420,1046387.0,43997.633333333339,0.0
1982,PI,Castanha de caju,,,,
1982,PR,Caju,,,,
1982,PR,Castanha de caju,,,,
1982,RJ,Caju,572,20324.0,40757.25,0.0
1982,RJ,Castanha de caju,,,,
1982,RN,Caju,51227,711778.0,23012.850000000002,0.0
1982,RN,Castanha de caju,,,,
1982,RO,Caju,,,,
1982,RO,Castanha de caju,,,,
1982,RR,Caju,,,,
1982,RR,Castanha de caju,,,,
1982,RS,Caju,,,,
1982,RS,Castanha de caju,,,,
1982,SC,Caju,,,,
1982,SC,Castanha de caju,,,,
1982,SE,Caju,262,7980.0,35000.0,0.0
1982,SE,Castanha de caju,,,,
1982,SP,Caju,12,1800.0,150000.0,0.0
1982,SP,Castanha de caju,,,,
1982,TO,Caju,,,,
1982,TO,Castanha de caju,,,,
1981,AC,Caju,24,268.0,11000.0,0.0
1981,AC,Castanha de caju,,,,
1981,AL,Caju,1478,46523.0,31952.882352941178,0.0
1981,AL,Castanha de caju,,,,
1981,AM,Caju,35,685.0,19111.375,0.0
1981,AM,Castanha de caju,,,,
1981,AP,Caju,,,,
1981,AP,Castanha de caju,,,,
1981,BA,Caju,7232,337266.0,47892.15,0.0
1981,BA,Castanha de caju,,,,
1981,CE,Caju,118934,5101664.0,53280.82999999998,0.0
1981,CE,Castanha de caju,,,,
1981,DF,Caju,,,,
1981,DF,Castanha de caju,,,,
1981,ES,Caju,3,20.0,6667.0,0.0
1981,ES,Castanha de caju,,,,
1981,GO,Caju,,,,
1981,GO,Castanha de caju,,,,
1981,MA,Caju,891,90154.0,75100.6,0.0
1981,MA,Castanha de caju,,,,
1981,MG,Caju,40,2301.0,48442.1,0.0
1981,MG,Castanha de caju,,,,
1981,MS,Caju,16,1250.0,86250.0,0.0
1981,MS,Castanha de caju,,,,
1981,MT,Caju,21,2380.0,113333.33333333333,0.0
1981,MT,Castanha de caju,,,,
1981,PA,Caju,110,5100.0,66250.0,0.0
1981,PA,Castanha de caju,,,,
1981,PB,Caju,2461,192730.0,80616.406250000015,0.0
1981,PB,Castanha de caju,,,,
1981,PE,Caju,2553,122081.0,37607.9074074074,0.0
1981,PE,Castanha de caju,,,,
1981,PI,Caju,20746,787391.0,50026.018181818195,0.0
1981,PI,Castanha de caju,,,,
1981,PR,Caju,,,,
1981,PR,Castanha de caju,,,,
1981,RJ,Caju,546,19814.0,42004.0,0.0
1981,RJ,Castanha de caju,,,,
1981,RN,Caju,47483,641638.0,22298.864864864867,0.0
1981,RN,Castanha de caju,,,,
1981,RO,Caju,,,,
1981,RO,Castanha de caju,,,,
1981,RR,Caju,,,,
1981,RR,Castanha de caju,,,,
1981,RS,Caju,,,,
1981,RS,Castanha de caju,,,,
1981,SC,Caju,,,,
1981,SC,Castanha de caju,,,,
1981,SE,Caju,12,480.0,40000.0,0.0
1981,SE,Castanha de caju,,,,
1981,SP,Caju,4,400.0,100000.0,0.0
1981,SP,Castanha de caju,,,,
1981,TO,Caju,,,,
1981,TO,Castanha de caju,,,,
1980,AC,Caju,21,230.0,11000.0,0.0
1980,AC,Castanha de caju,,,,
1980,AL,Caju,1527,54335.0,34382.26470588235,0.0
1980,AL,Castanha de caju,,,,
1980,AM,Caju,34,685.0,19750.0,0.0
1980,AM,Castanha de caju,,,,
1980,AP,Caju,,,,
1980,AP,Castanha de caju,,,,
1980,BA,Caju,6876,341603.0,49127.166666666686,0.0
1980,BA,Castanha de caju,,,,
1980,CE,Caju,106815,3971750.0,50707.270000000004,0.0
1980,CE,Castanha de caju,,,,
1980,DF,Caju,24,940.0,39166.0,0.0
1980,DF,Castanha de caju,,,,
1980,ES,Caju,3,20.0,6666.0,0.0
1980,ES,Castanha de caju,,,,
1980,GO,Caju,,,,
1980,GO,Castanha de caju,,,,
1980,MA,Caju,228,13117.0,55335.25,0.0
1980,MA,Castanha de caju,,,,
1980,MG,Caju,41,2246.0,47425.0,0.0
1980,MG,Castanha de caju,,,,
1980,MS,Caju,14,980.0,70000.0,0.0
1980,MS,Castanha de caju,,,,
1980,MT,Caju,25,830.0,42600.0,0.0
1980,MT,Castanha de caju,,,,
1980,PA,Caju,52,3125.0,77500.0,0.0
1980,PA,Castanha de caju,,,,
1980,PB,Caju,2657,188859.0,68957.500000000015,0.0
1980,PB,Castanha de caju,,,,
1980,PE,Caju,3463,184749.0,43203.981481481489,0.0
1980,PE,Castanha de caju,,,,
1980,PI,Caju,15575,617939.0,48962.6346153846,0.0
1980,PI,Castanha de caju,,,,
1980,PR,Caju,,,,
1980,PR,Castanha de caju,,,,
1980,RJ,Caju,535,19000.0,42880.25,0.0
1980,RJ,Castanha de caju,,,,
1980,RN,Caju,46242,1199060.0,25137.055555555558,0.0
1980,RN,Castanha de caju,,,,
1980,RO,Caju,,,,
1980,RO,Castanha de caju,,,,
1980,RR,Caju,,,,
1980,RR,Castanha de caju,,,,
1980,RS,Caju,,,,
1980,RS,Castanha de caju,,,,
1980,SC,Caju,,,,
1980,SC,Castanha de caju,,,,
1980,SE,Caju,,,,
1980,SE,Castanha de caju,,,,
1980,SP,Caju,19,1070.0,57500.0,0.0
1980,SP,Castanha de caju,,,,
1980,TO,Caju,,,,
1980,TO,Castanha de caju,,,,
1979,AC,Caju,26,297.0,11500.0,0.0
1979,AC,Castanha de caju,,,,
1979,AL,Caju,1569,63185.0,37345.0588235294,0.0
1979,AL,Castanha de caju,,,,
1979,AM,Caju,33,664.0,20571.428571428572,0.0
1979,AM,Castanha de caju,,,,
1979,AP,Caju,,,,
1979,AP,Castanha de caju,,,,
1979,BA,Caju,6963,329886.0,47498.685714285719,0.0
1979,BA,Castanha de caju,,,,
1979,CE,Caju,93188,3867158.0,55926.948979591849,0.0
1979,CE,Castanha de caju,,,,
1979,DF,Caju,24,1085.0,45208.0,0.0
1979,DF,Castanha de caju,,,,
1979,ES,Caju,3,60.0,20000.0,0.0
1979,ES,Castanha de caju,,,,
1979,GO,Caju,,,,
1979,GO,Castanha de caju,,,,
1979,MA,Caju,199,11580.0,60682.71428571429,0.0
1979,MA,Castanha de caju,,,,
1979,MG,Caju,35,1834.0,45725.0,0.0
1979,MG,Castanha de caju,,,,
1979,MS,Caju,14,980.0,70000.0,0.0
1979,MS,Castanha de caju,,,,
1979,MT,Caju,22,701.0,42466.666666666664,0.0
1979,MT,Castanha de caju,,,,
1979,PA,Caju,158,6000.0,76666.666666666672,0.0
1979,PA,Castanha de caju,,,,
1979,PB,Caju,2710,187380.0,80608.4827586207,0.0
1979,PB,Castanha de caju,,,,
1979,PE,Caju,3653,224389.0,51288.964912280695,0.0
1979,PE,Castanha de caju,,,,
1979,PI,Caju,13479,550840.0,45539.576923076922,0.0
1979,PI,Castanha de caju,,,,
1979,PR,Caju,,,,
1979,PR,Castanha de caju,,,,
1979,RJ,Caju,540,21505.0,43259.0,0.0
1979,RJ,Castanha de caju,,,,
1979,RN,Caju,45918,587424.0,21847.600000000006,0.0
1979,RN,Castanha de caju,,,,
1979,RO,Caju,,,,
1979,RO,Castanha de caju,,,,
1979,RR,Caju,,,,
1979,RR,Castanha de caju,,,,
1979,RS,Caju,,,,
1979,RS,Castanha de caju,,,,
1979,SC,Caju,,,,
1979,SC,Castanha de caju,,,,
1979,SE,Caju,,,,
1979,SE,Castanha de caju,,,,
1979,SP,Caju,15,850.0,60000.0,0.0
1979,SP,Castanha de caju,,,,
1979,TO,Caju,,,,
1979,TO,Castanha de caju,,,,
1978,AC,Caju,28,333.0,12500.0,0.0
1978,AC,Castanha de caju,,,,
1978,AL,Caju,1595,61508.0,37105.147058823539,0.0
1978,AL,Castanha de caju,,,,
1978,AM,Caju,28,564.0,20666.666666666668,0.0
1978,AM,Castanha de caju,,,,
1978,AP,Caju,,,,
1978,AP,Castanha de caju,,,,
1978,BA,Caju,7064,335648.0,46342.017857142841,0.0
1978,BA,Castanha de caju,,,,
1978,CE,Caju,84065,6499500.0,74988.546391752578,0.0
1978,CE,Castanha de caju,,,,
1978,DF,Caju,24,723.0,30125.0,0.0
1978,DF,Castanha de caju,,,,
1978,ES,Caju,3,120.0,40000.0,0.0
1978,ES,Castanha de caju,,,,
1978,GO,Caju,,,,
1978,GO,Castanha de caju,,,,
1978,MA,Caju,196,11065.0,54895.428571428565,0.0
1978,MA,Castanha de caju,,,,
1978,MG,Caju,34,1892.0,46428.299999999996,0.0
1978,MG,Castanha de caju,,,,
1978,MS,Caju,13,910.0,70000.0,0.0
1978,MS,Castanha de caju,,,,
1978,MT,Caju,13,671.0,52666.6,0.0
1978,MT,Castanha de caju,,,,
1978,PA,Caju,215,7500.0,76666.666666666672,0.0
1978,PA,Castanha de caju,,,,
1978,PB,Caju,2694,186329.0,82469.499999999971,0.0
1978,PB,Castanha de caju,,,,
1978,PE,Caju,3755,166545.0,50173.82142857142,0.0
1978,PE,Castanha de caju,,,,
1978,PI,Caju,10786,445903.0,44418.705882352937,0.0
1978,PI,Castanha de caju,,,,
1978,PR,Caju,,,,
1978,PR,Castanha de caju,,,,
1978,RJ,Caju,452,20035.0,45474.25,0.0
1978,RJ,Castanha de caju,,,,
1978,RN,Caju,43331,1462674.0,27346.794117647059,0.0
1978,RN,Castanha de caju,,,,
1978,RO,Caju,,,,
1978,RO,Castanha de caju,,,,
1978,RR,Caju,,,,
1978,RR,Castanha de caju,,,,
1978,RS,Caju,,,,
1978,RS,Castanha de caju,,,,
1978,SC,Caju,,,,
1978,SC,Castanha de caju,,,,
1978,SE,Caju,18,1790.0,99166.5,0.0
1978,SE,Castanha de caju,,,,
1978,SP,Caju,15,670.0,50000.0,0.0
1978,SP,Castanha de caju,,,,
1978,TO,Caju,,,,
1978,TO,Castanha de caju,,,,
1977,AC,Caju,28,309.0,11500.0,0.0
1977,AC,Castanha de caju,,,,
1977,AL,Caju,1548,59799.0,37518.447368421046,0.0
1977,AL,Castanha de caju,,,,
1977,AM,Caju,57,1233.0,18969.0,0.0
1977,AM,Castanha de caju,,,,
1977,AP,Caju,,,,
1977,AP,Castanha de caju,,,,
1977,BA,Caju,5321,237137.0,45716.982456140329,0.0
1977,BA,Castanha de caju,,,,
1977,CE,Caju,74860,4372527.0,62010.752688172033,0.0
1977,CE,Castanha de caju,,,,
1977,DF,Caju,24,818.0,34083.0,0.0
1977,DF,Castanha de caju,,,,
1977,ES,Caju,3,180.0,60000.0,0.0
1977,ES,Castanha de caju,,,,
1977,GO,Caju,,,,
1977,GO,Castanha de caju,,,,
1977,MA,Caju,165,8844.0,52772.857142857138,0.0
1977,MA,Castanha de caju,,,,
1977,MG,Caju,36,1802.0,39181.818181818184,0.0
1977,MG,Castanha de caju,,,,
1977,MS,Caju,19,1290.0,65000.0,0.0
1977,MS,Castanha de caju,,,,
1977,MT,Caju,14,724.0,49333.333333333336,0.0
1977,MT,Castanha de caju,,,,
1977,PA,Caju,410,12600.0,45000.0,0.0
1977,PA,Castanha de caju,,,,
1977,PB,Caju,2738,158639.0,68278.688524590165,0.0
1977,PB,Castanha de caju,,,,
1977,PE,Caju,8976,478258.0,46738.4268292683,0.0
1977,PE,Castanha de caju,,,,
1977,PI,Caju,10488,408513.0,45152.9298245614,0.0
1977,PI,Castanha de caju,,,,
1977,PR,Caju,,,,
1977,PR,Castanha de caju,,,,
1977,RJ,Caju,451,20035.0,45759.0,0.0
1977,RJ,Castanha de caju,,,,
1977,RN,Caju,29324,918808.0,24875.941176470591,0.0
1977,RN,Castanha de caju,,,,
1977,RO,Caju,21,780.0,35714.5,0.0
1977,RO,Castanha de caju,,,,
1977,RR,Caju,,,,
1977,RR,Castanha de caju,,,,
1977,RS,Caju,,,,
1977,RS,Castanha de caju,,,,
1977,SC,Caju,,,,
1977,SC,Castanha de caju,,,,
1977,SE,Caju,578,29732.0,50903.2258064516,0.0
1977,SE,Castanha de caju,,,,
1977,SP,Caju,20,698.0,39520.0,0.0
1977,SP,Castanha de caju,,,,
1977,TO,Caju,,,,
1977,TO,Castanha de caju,,,,
1976,AC,Caju,28,280.0,10000.0,0.0
1976,AC,Castanha de caju,,,,
1976,AL,Caju,1648,61608.0,36777.8,0.0
1976,AL,Castanha de caju,,,,
1976,AM,Caju,49,1066.0,17598.166666666664,0.0
1976,AM,Castanha de caju,,,,
1976,AP,Caju,,,,
1976,AP,Castanha de caju,,,,
1976,BA,Caju,5273,229757.0,40917.681034482754,0.0
1976,BA,Castanha de caju,,,,
1976,CE,Caju,72367,4494469.0,61933.808510638286,0.0
1976,CE,Castanha de caju,,,,
1976,DF,Caju,24,818.0,34083.0,0.0
1976,DF,Castanha de caju,,,,
1976,ES,Caju,3,180.0,60000.0,0.0
1976,ES,Castanha de caju,,,,
1976,GO,Caju,27,1290.0,40000.0,0.0
1976,GO,Castanha de caju,,,,
1976,MA,Caju,169,8965.0,40705.777777777781,0.0
1976,MA,Castanha de caju,,,,
1976,MG,Caju,37,1769.0,35854.166666666664,0.0
1976,MG,Castanha de caju,,,,
1976,MS,Caju,25,1670.0,63846.153846153851,0.0
1976,MS,Castanha de caju,,,,
1976,MT,Caju,12,740.0,60000.0,0.0
1976,MT,Castanha de caju,,,,
1976,PA,Caju,1618,48500.0,27500.0,0.0
1976,PA,Castanha de caju,,,,
1976,PB,Caju,2920,176369.0,68189.655172413783,0.0
1976,PB,Castanha de caju,,,,
1976,PE,Caju,9056,530334.0,50472.049382716039,0.0
1976,PE,Castanha de caju,,,,
1976,PI,Caju,9351,168169.0,32575.736842105263,0.0
1976,PI,Castanha de caju,,,,
1976,PR,Caju,,,,
1976,PR,Castanha de caju,,,,
1976,RJ,Caju,450,17917.0,43305.5,0.0
1976,RJ,Castanha de caju,,,,
1976,RN,Caju,19405,439921.0,26854.733333333337,0.0
1976,RN,Castanha de caju,,,,
1976,RO,Caju,18,265.0,12166.5,0.0
1976,RO,Castanha de caju,,,,
1976,RR,Caju,,,,
1976,RR,Castanha de caju,,,,
1976,RS,Caju,,,,
1976,RS,Castanha de caju,,,,
1976,SC,Caju,,,,
1976,SC,Castanha de caju,,,,
1976,SE,Caju,465,23148.0,49729.896551724145,0.0
1976,SE,Castanha de caju,,,,
1976,SP,Caju,16,654.0,42700.0,0.0
1976,SP,Castanha de caju,,,,
1976,TO,Caju,,,,
1976,TO,Castanha de caju,,,,
1975,AC,Caju,29,290.0,10000.0,0.0
1975,AC,Castanha de caju,,,,
1975,AL,Caju,1844,72985.0,36023.121951219524,0.0
1975,AL,Castanha de caju,,,,
1975,AM,Caju,208,4830.0,16981.666666666668,0.0
1975,AM,Castanha de caju,,,,
1975,AP,Caju,,,,
1975,AP,Castanha de caju,,,,
1975,BA,Caju,5219,224496.0,46680.16521739131,0.0
1975,BA,Castanha de caju,,,,
1975,CE,Caju,62287,2723976.0,50891.608695652161,0.0
1975,CE,Castanha de caju,,,,
1975,DF,Caju,24,818.0,34083.0,0.0
1975,DF,Castanha de caju,,,,
1975,ES,Caju,2,120.0,60000.0,0.0
1975,ES,Castanha de caju,,,,
1975,GO,Caju,27,1290.0,40000.0,0.0
1975,GO,Castanha de caju,,,,
1975,MA,Caju,482,15139.0,37134.545454545456,0.0
1975,MA,Castanha de caju,,,,
1975,MG,Caju,35,1518.0,41522.727272727272,0.0
1975,MG,Castanha de caju,,,,
1975,MS,Caju,24,1440.0,59230.769230769234,0.0
1975,MS,Castanha de caju,,,,
1975,MT,Caju,12,720.0,58000.0,0.0
1975,MT,Castanha de caju,,,,
1975,PA,Caju,1676,51660.0,46666.666666666664,0.0
1975,PA,Castanha de caju,,,,
1975,PB,Caju,2963,181449.0,69674.1803278689,0.0
1975,PB,Castanha de caju,,,,
1975,PE,Caju,8877,508270.0,52030.154761904763,0.0
1975,PE,Castanha de caju,,,,
1975,PI,Caju,7321,178417.0,45666.961538461532,0.0
1975,PI,Castanha de caju,,,,
1975,PR,Caju,,,,
1975,PR,Castanha de caju,,,,
1975,RJ,Caju,447,22000.0,48333.25,0.0
1975,RJ,Castanha de caju,,,,
1975,RN,Caju,17954,642207.0,33862.653846153844,0.0
1975,RN,Castanha de caju,,,,
1975,RO,Caju,15,224.0,12000.0,0.0
1975,RO,Castanha de caju,,,,
1975,RR,Caju,,,,
1975,RR,Castanha de caju,,,,
1975,RS,Caju,,,,
1975,RS,Castanha de caju,,,,
1975,SC,Caju,,,,
1975,SC,Castanha de caju,,,,
1975,SE,Caju,550,26400.0,50616.499999999985,0.0
1975,SE,Castanha de caju,,,,
1975,SP,Caju,56,3040.0,54363.63636363636,0.0
1975,SP,Castanha de caju,,,,
1975,TO,Caju,,,,
1975,TO,Castanha de caju,,,,
1974,AC,Caju,27,270.0,10000.0,0.0
1974,AC,Castanha de caju,,,,
1974,AL,Caju,1972,78492.0,36153.219512195115,0.0
1974,AL,Castanha de caju,,,,
1974,AM,Caju,43,2459.0,47050.0,0.0
1974,AM,Castanha de caju,,,,
1974,AP,Caju,,,,
1974,AP,Castanha de caju,,,,
1974,BA,Caju,4248,216527.0,50015.887931034493,0.0
1974,BA,Castanha de caju,,,,
1974,CE,Caju,46810,2897380.0,57195.526881720427,0.0
1974,CE,Castanha de caju,,,,
1974,DF,Caju,20,680.0,34000.0,0.0
1974,DF,Castanha de caju,,,,
1974,ES,Caju,2,100.0,50000.0,0.0
1974,ES,Castanha de caju,,,,
1974,GO,Caju,30,2363.0,61403.333333333336,0.0
1974,GO,Castanha de caju,,,,
1974,MA,Caju,477,16901.0,47216.0,0.0
1974,MA,Castanha de caju,,,,
1974,MG,Caju,36,1994.0,46203.454545454551,0.0
1974,MG,Castanha de caju,,,,
1974,MS,Caju,18,1141.0,65050.0,0.0
1974,MS,Castanha de caju,,,,
1974,MT,Caju,12,685.0,54500.0,0.0
1974,MT,Castanha de caju,,,,
1974,PA,Caju,1572,18750.0,40833.333333333336,0.0
1974,PA,Castanha de caju,,,,
1974,PB,Caju,2625,138408.0,65379.838235294104,0.0
1974,PB,Castanha de caju,,,,
1974,PE,Caju,8731,485420.0,52488.372093023252,0.0
1974,PE,Castanha de caju,,,,
1974,PI,Caju,3716,168252.0,45426.948275862065,0.0
1974,PI,Castanha de caju,,,,
1974,PR,Caju,,,,
1974,PR,Castanha de caju,,,,
1974,RJ,Caju,449,22500.0,52000.0,0.0
1974,RJ,Castanha de caju,,,,
1974,RN,Caju,13327,704267.0,63529.020408163276,0.0
1974,RN,Castanha de caju,,,,
1974,RO,Caju,15,224.0,12000.0,0.0
1974,RO,Castanha de caju,,,,
1974,RR,Caju,,,,
1974,RR,Castanha de caju,,,,
1974,RS,Caju,,,,
1974,RS,Castanha de caju,,,,
1974,SC,Caju,,,,
1974,SC,Castanha de caju,,,,
1974,SE,Caju,541,30239.0,54695.354838709667,0.0
1974,SE,Castanha de caju,,,,
1974,SP,Caju,56,2770.0,46836.36363636364,0.0
1974,SP,Castanha de caju,,,,
1974,TO,Caju,,,,
1974,TO,Castanha de caju,,,,